Path,SteerAngle,Throttle,Brake,Speed,X_Position,Y_Position,Pitch,Yaw,Roll
/Users/andrei/robotics/RoboND-Rover-Project/train_dataset/IMG/robocam_2017_05_29_22_45_11_783.jpg,0,0,1,0,98.88478,88.92769,0.001209307,142.9185,6.761298E-07
/Users/andrei/robotics/RoboND-Rover-Project/train_dataset/IMG/robocam_2017_05_29_22_45_11_814.jpg,0,0,0,0,98.88478,88.92768,0.0009438217,142.9185,1.140328E-06
/Users/andrei/robotics/RoboND-Rover-Project/train_dataset/IMG/robocam_2017_05_29_22_45_11_869.jpg,0,0,0,0,98.88478,88.92768,0.0008497504,142.9185,1.348378E-06
/Users/andrei/robotics/RoboND-Rover-Project/train_dataset/IMG/robocam_2017_05_29_22_45_11_920.jpg,0,0,0,0,98.88479,88.92768,0.0007505969,142.9185,1.165236E-06
/Users/andrei/robotics/RoboND-Rover-Project/train_dataset/IMG/robocam_2017_05_29_22_45_11_994.jpg,0,0,0,0,98.88479,88.92768,0.0006489135,142.9185,1.168337E-06
/Users/andrei/robotics/RoboND-Rover-Project/train_dataset/IMG/robocam_2017_05_29_22_45_12_050.jpg,0,0,0,0,98.88479,88.92768,0.0005464428,142.9185,1.026806E-06
/Users/andrei/robotics/RoboND-Rover-Project/train_dataset/IMG/robocam_2017_05_29_22_45_12_120.jpg,0,0,0,0,98.88479,88.92768,0.0004128058,142.9185,1.018585E-06
/Users/andrei/robotics/RoboND-Rover-Project/train_dataset/IMG/robocam_2017_05_29_22_45_12_169.jpg,0,0,0,0,98.88479,88.92767,0.000348374,142.9185,8.995784E-07
/Users/andrei/robotics/RoboND-Rover-Project/train_dataset/IMG/robocam_2017_05_29_22_45_12_209.jpg,0,0,0,0,98.88479,88.92767,0.0002859467,142.9185,7.365647E-07
/Users/andrei/robotics/RoboND-Rover-Project/train_dataset/IMG/robocam_2017_05_29_22_45_12_267.jpg,0,0,0,0,98.8848,88.92767,0.0001973417,142.9185,1.910881E-07
/Users/andrei/robotics/RoboND-Rover-Project/train_dataset/IMG/robocam_2017_05_29_22_45_12_319.jpg,0,0,0,0,98.8848,88.92767,0.0001159904,142.9185,8.853848E-08
/Users/andrei/robotics/RoboND-Rover-Project/train_dataset/IMG/robocam_2017_05_29_22_45_12_370.jpg,0,0,0,0,98.8848,88.92767,6.647373E-05,142.9185,-2.415568E-07
/Users/andrei/robotics/RoboND-Rover-Project/train_dataset/IMG/robocam_2017_05_29_22_45_12_422.jpg,0,0,0,0,98.8848,88.92767,-2.489926E-07,142.9185,-4.125168E-07
/Users/andrei/robotics/RoboND-Rover-Project/train_dataset/IMG/robocam_2017_05_29_22_45_12_466.jpg,0,0,0,0,98.8848,88.92767,-3.95756E-05,142.9185,-8.669754E-07
/Users/andrei/robotics/RoboND-Rover-Project/train_dataset/IMG/robocam_2017_05_29_22_45_12_518.jpg,0,0,0,0,98.8848,88.92767,-7.465519E-05,142.9185,-9.317662E-07
/Users/andrei/robotics/RoboND-Rover-Project/train_dataset/IMG/robocam_2017_05_29_22_45_12_568.jpg,0,0,0,0,98.8848,88.92767,-0.0001191842,142.9185,-1.300384E-06
/Users/andrei/robotics/RoboND-Rover-Project/train_dataset/IMG/robocam_2017_05_29_22_45_12_618.jpg,0,0,0,0,98.8848,88.92767,-0.0001430004,142.9185,-1.248919E-06
/Users/andrei/robotics/RoboND-Rover-Project/train_dataset/IMG/robocam_2017_05_29_22_45_12_669.jpg,0,0,0,0,98.8848,88.92767,-0.0001702041,142.9185,-1.776437E-06
/Users/andrei/robotics/RoboND-Rover-Project/train_dataset/IMG/robocam_2017_05_29_22_45_12_723.jpg,0,0,0,0,98.8848,88.92767,-0.0001878394,142.9185,-1.761286E-06
/Users/andrei/robotics/RoboND-Rover-Project/train_dataset/IMG/robocam_2017_05_29_22_45_12_776.jpg,0,0,0,0,98.8848,88.92767,-0.0001942341,142.9185,-2.15492E-06
/Users/andrei/robotics/RoboND-Rover-Project/train_dataset/IMG/robocam_2017_05_29_22_45_12_818.jpg,0,0,0,0,98.8848,88.92767,-0.0001967631,142.9185,-2.445955E-06
/Users/andrei/robotics/RoboND-Rover-Project/train_dataset/IMG/robocam_2017_05_29_22_45_12_885.jpg,0,0,0,0,98.8848,88.92767,-0.00019008,142.9185,-3.149521E-06
/Users/andrei/robotics/RoboND-Rover-Project/train_dataset/IMG/robocam_2017_05_29_22_45_12_933.jpg,0.926325,0.061755,0,0,98.88456,88.92785,0.006693507,142.9186,3.804587E-05
/Users/andrei/robotics/RoboND-Rover-Project/train_dataset/IMG/robocam_2017_05_29_22_45_12_977.jpg,2.910511,0.194034,0,0,98.88432,88.92801,0.013067,142.8453,0.0003994618
/Users/andrei/robotics/RoboND-Rover-Project/train_dataset/IMG/robocam_2017_05_29_22_45_13_037.jpg,5.365126,0.3576751,0,0.01722093,98.88247,88.92931,0.06088661,142.8954,0.002258766
/Users/andrei/robotics/RoboND-Rover-Project/train_dataset/IMG/robocam_2017_05_29_22_45_13_103.jpg,8.424856,0.5616571,0,0.03507546,98.87794,88.93228,0.1685923,143.0948,0.009167813
/Users/andrei/robotics/RoboND-Rover-Project/train_dataset/IMG/robocam_2017_05_29_22_45_13_152.jpg,10.61177,0.707451,0,0.05861806,98.8743,88.93462,0.25224,143.2938,0.0148951
/Users/andrei/robotics/RoboND-Rover-Project/train_dataset/IMG/robocam_2017_05_29_22_45_13_202.jpg,13.03889,0.8692591,0,0.08103503,98.86688,88.93915,0.4081346,143.2448,0.02731934
/Users/andrei/robotics/RoboND-Rover-Project/train_dataset/IMG/robocam_2017_05_29_22_45_13_252.jpg,14.28435,0.9522901,0,0.1157076,98.85988,88.94336,0.5426694,143.3294,0.02806868
/Users/andrei/robotics/RoboND-Rover-Project/train_dataset/IMG/robocam_2017_05_29_22_45_13_302.jpg,15,1,0,0.155693,98.84693,88.95101,0.7689433,143.6031,0.01864423
/Users/andrei/robotics/RoboND-Rover-Project/train_dataset/IMG/robocam_2017_05_29_22_45_13_353.jpg,15,1,0,0.1991039,98.83698,88.95671,0.9234588,143.8725,0.006710705
/Users/andrei/robotics/RoboND-Rover-Project/train_dataset/IMG/robocam_2017_05_29_22_45_13_405.jpg,15,1,0,0.2661812,98.81956,88.96619,1.164521,144.4229,-0.003343961
/Users/andrei/robotics/RoboND-Rover-Project/train_dataset/IMG/robocam_2017_05_29_22_45_13_450.jpg,15,1,0,0.2909134,98.8065,88.97318,1.30593,144.7108,-0.001956557
/Users/andrei/robotics/RoboND-Rover-Project/train_dataset/IMG/robocam_2017_05_29_22_45_13_503.jpg,15,1,0,0.3041382,98.78897,88.98216,1.277684,145.0269,0.001167879
/Users/andrei/robotics/RoboND-Rover-Project/train_dataset/IMG/robocam_2017_05_29_22_45_13_553.jpg,15,1,0,0.3870318,98.77596,88.98882,1.204784,145.3008,-0.002684271
/Users/andrei/robotics/RoboND-Rover-Project/train_dataset/IMG/robocam_2017_05_29_22_45_13_602.jpg,15,1,0,0.4125227,98.75358,89.00045,1.130476,145.7272,-0.002438425
/Users/andrei/robotics/RoboND-Rover-Project/train_dataset/IMG/robocam_2017_05_29_22_45_13_652.jpg,15,1,0,0.4607917,98.73672,89.00923,1.11582,145.9988,-0.002038718
/Users/andrei/robotics/RoboND-Rover-Project/train_dataset/IMG/robocam_2017_05_29_22_45_13_696.jpg,15,1,0,0.5068469,98.71854,89.01863,1.120024,146.4473,-0.003962534
/Users/andrei/robotics/RoboND-Rover-Project/train_dataset/IMG/robocam_2017_05_29_22_45_13_750.jpg,15,0.837334,0,0.5541484,98.68865,89.03381,1.161122,147.0364,-0.002530091
/Users/andrei/robotics/RoboND-Rover-Project/train_dataset/IMG/robocam_2017_05_29_22_45_13_820.jpg,15,0.637951,0,0.5871977,98.64499,89.05537,1.215852,147.8502,-0.003020851
/Users/andrei/robotics/RoboND-Rover-Project/train_dataset/IMG/robocam_2017_05_29_22_45_13_866.jpg,15,0.4861869,0,0.615506,98.62315,89.06572,1.190236,148.3017,-0.004995173
/Users/andrei/robotics/RoboND-Rover-Project/train_dataset/IMG/robocam_2017_05_29_22_45_13_918.jpg,15,0.3217149,0,0.6402293,98.60064,89.07612,1.160902,148.8049,-0.004950022
/Users/andrei/robotics/RoboND-Rover-Project/train_dataset/IMG/robocam_2017_05_29_22_45_13_969.jpg,15,0.175369,0,0.6297547,98.56632,89.09165,1.108761,149.5867,-0.004702612
/Users/andrei/robotics/RoboND-Rover-Project/train_dataset/IMG/robocam_2017_05_29_22_45_14_013.jpg,15,0.04819292,0,0.6447533,98.5435,89.10178,1.060873,150.0495,-0.002482185
/Users/andrei/robotics/RoboND-Rover-Project/train_dataset/IMG/robocam_2017_05_29_22_45_14_060.jpg,15,0,0,0.641115,98.5098,89.11634,0.9601638,150.7098,0.009166334
/Users/andrei/robotics/RoboND-Rover-Project/train_dataset/IMG/robocam_2017_05_29_22_45_14_120.jpg,15,0,0,0.63823,98.47641,89.13027,0.8381255,151.379,0.03193928
/Users/andrei/robotics/RoboND-Rover-Project/train_dataset/IMG/robocam_2017_05_29_22_45_14_161.jpg,15,0,0,0.6365128,98.45429,89.13924,0.7472394,151.8205,0.05210157
/Users/andrei/robotics/RoboND-Rover-Project/train_dataset/IMG/robocam_2017_05_29_22_45_14_210.jpg,15,0,0,0.6338646,98.43227,89.14797,0.6501448,152.2585,0.07505412
/Users/andrei/robotics/RoboND-Rover-Project/train_dataset/IMG/robocam_2017_05_29_22_45_14_263.jpg,15,0,0,0.6320408,98.39938,89.16068,0.4968765,152.9102,0.1139739
/Users/andrei/robotics/RoboND-Rover-Project/train_dataset/IMG/robocam_2017_05_29_22_45_14_318.jpg,15,0,0,0.6292181,98.3775,89.1689,0.3921132,153.3419,0.1424218
/Users/andrei/robotics/RoboND-Rover-Project/train_dataset/IMG/robocam_2017_05_29_22_45_14_370.jpg,15,0,0,0.6272798,98.34473,89.18088,0.2350064,153.9864,0.1879922
/Users/andrei/robotics/RoboND-Rover-Project/train_dataset/IMG/robocam_2017_05_29_22_45_14_420.jpg,15,0,0,0.6242922,98.31194,89.19246,0.08211858,154.6287,0.2360058
/Users/andrei/robotics/RoboND-Rover-Project/train_dataset/IMG/robocam_2017_05_29_22_45_14_464.jpg,15,0,0,0.6222512,98.29004,89.19997,359.9846,155.0562,0.2688022
/Users/andrei/robotics/RoboND-Rover-Project/train_dataset/IMG/robocam_2017_05_29_22_45_14_519.jpg,15,0,0,0.6191247,98.2571,89.21092,359.8474,155.6975,0.3183418
/Users/andrei/robotics/RoboND-Rover-Project/train_dataset/IMG/robocam_2017_05_29_22_45_14_568.jpg,15,0,0,0.6159323,98.235,89.21819,359.7694,156.1219,0.3433925
/Users/andrei/robotics/RoboND-Rover-Project/train_dataset/IMG/robocam_2017_05_29_22_45_14_621.jpg,15,0,0,0.6133996,98.20155,89.22881,359.677,156.7642,0.3722872
/Users/andrei/robotics/RoboND-Rover-Project/train_dataset/IMG/robocam_2017_05_29_22_45_14_676.jpg,15,0,0,0.6097915,98.17905,89.23572,359.6314,157.1946,0.3845922
/Users/andrei/robotics/RoboND-Rover-Project/train_dataset/IMG/robocam_2017_05_29_22_45_14_723.jpg,15,0,0,0.6061566,98.14504,89.24581,359.5834,157.8438,0.3955634
/Users/andrei/robotics/RoboND-Rover-Project/train_dataset/IMG/robocam_2017_05_29_22_45_14_775.jpg,15,0,0,0.5944754,98.12315,89.25156,359.5295,158.2517,0.4165774
/Users/andrei/robotics/RoboND-Rover-Project/train_dataset/IMG/robocam_2017_05_29_22_45_14_828.jpg,15,0,0,0.5652702,98.0924,89.25929,359.4029,158.8265,0.4502951
/Users/andrei/robotics/RoboND-Rover-Project/train_dataset/IMG/robocam_2017_05_29_22_45_14_884.jpg,15,0,0,0.5368791,98.06393,89.2662,359.2371,159.3616,0.4804544
/Users/andrei/robotics/RoboND-Rover-Project/train_dataset/IMG/robocam_2017_05_29_22_45_14_937.jpg,15,0,0,0.5182574,98.04607,89.27032,359.1103,159.701,0.5004221
/Users/andrei/robotics/RoboND-Rover-Project/train_dataset/IMG/robocam_2017_05_29_22_45_14_997.jpg,15,0,0,0.4911953,98.02112,89.27493,358.8707,160.2044,0.5694361
/Users/andrei/robotics/RoboND-Rover-Project/train_dataset/IMG/robocam_2017_05_29_22_45_15_038.jpg,15,0,0,0.4655884,98.00544,89.27721,358.6954,160.5446,0.6418371
/Users/andrei/robotics/RoboND-Rover-Project/train_dataset/IMG/robocam_2017_05_29_22_45_15_094.jpg,15,0,0,0.4461578,97.98211,89.28043,358.5003,161.1183,0.7919854
/Users/andrei/robotics/RoboND-Rover-Project/train_dataset/IMG/robocam_2017_05_29_22_45_15_149.jpg,15,0,0,0.4171851,97.95879,89.28342,358.403,161.7093,0.979978
/Users/andrei/robotics/RoboND-Rover-Project/train_dataset/IMG/robocam_2017_05_29_22_45_15_222.jpg,15,0,0,0.3892944,97.92886,89.28646,358.3496,162.489,1.303667
/Users/andrei/robotics/RoboND-Rover-Project/train_dataset/IMG/robocam_2017_05_29_22_45_15_284.jpg,15,0,0,0.3594332,97.90915,89.28815,358.2731,162.9716,1.518581
/Users/andrei/robotics/RoboND-Rover-Project/train_dataset/IMG/robocam_2017_05_29_22_45_15_342.jpg,15,0,0,0.3285774,97.89056,89.29113,358.2457,163.4327,1.60893
/Users/andrei/robotics/RoboND-Rover-Project/train_dataset/IMG/robocam_2017_05_29_22_45_15_394.jpg,15,0,0,0.3175092,97.87768,89.29365,358.2911,163.7627,1.597056
/Users/andrei/robotics/RoboND-Rover-Project/train_dataset/IMG/robocam_2017_05_29_22_45_15_454.jpg,15,0,0,0.2542725,97.86333,89.28809,358.3895,167.1113,1.701728
/Users/andrei/robotics/RoboND-Rover-Project/train_dataset/IMG/robocam_2017_05_29_22_45_15_507.jpg,15,0,0,0.2620328,97.85052,89.28016,358.609,170.5397,1.638031
/Users/andrei/robotics/RoboND-Rover-Project/train_dataset/IMG/robocam_2017_05_29_22_45_15_556.jpg,15,0,0,0.247566,97.84361,89.27544,358.7752,172.7952,1.468698
/Users/andrei/robotics/RoboND-Rover-Project/train_dataset/IMG/robocam_2017_05_29_22_45_15_613.jpg,15,0,0,0.2001771,97.83952,89.27238,358.7264,176.1477,1.161416
/Users/andrei/robotics/RoboND-Rover-Project/train_dataset/IMG/robocam_2017_05_29_22_45_15_667.jpg,15,0,0,0.1985326,97.83617,89.26984,358.5669,179.5754,0.9470311
/Users/andrei/robotics/RoboND-Rover-Project/train_dataset/IMG/robocam_2017_05_29_22_45_15_718.jpg,15,0,0,0.1377129,97.83501,89.26926,358.4956,181.9338,0.8001369
/Users/andrei/robotics/RoboND-Rover-Project/train_dataset/IMG/robocam_2017_05_29_22_45_15_782.jpg,13.75818,0,0,0.1098547,97.83306,89.26797,358.5223,186.7257,0.5032557
/Users/andrei/robotics/RoboND-Rover-Project/train_dataset/IMG/robocam_2017_05_29_22_45_15_854.jpg,10.56314,0,0,-0.1205969,97.83147,89.2648,358.7105,189.9704,0.3051266
/Users/andrei/robotics/RoboND-Rover-Project/train_dataset/IMG/robocam_2017_05_29_22_45_15_920.jpg,7.487296,0,0,-0.1327791,97.83185,89.26197,358.9795,192.9953,359.9774
/Users/andrei/robotics/RoboND-Rover-Project/train_dataset/IMG/robocam_2017_05_29_22_45_15_968.jpg,5.423192,0,0,-0.1295095,97.83237,89.26116,359.118,193.8881,359.8058
/Users/andrei/robotics/RoboND-Rover-Project/train_dataset/IMG/robocam_2017_05_29_22_45_16_035.jpg,2.309235,0,0,-0.1228443,97.83327,89.26031,359.3405,194.7033,359.5577
/Users/andrei/robotics/RoboND-Rover-Project/train_dataset/IMG/robocam_2017_05_29_22_45_16_085.jpg,0.0358808,0,0,-0.1109082,97.83344,89.25956,359.5923,194.8681,359.3399
/Users/andrei/robotics/RoboND-Rover-Project/train_dataset/IMG/robocam_2017_05_29_22_45_16_152.jpg,0,0,0,-0.0977398,97.83385,89.25871,359.8116,195.009,359.1826
/Users/andrei/robotics/RoboND-Rover-Project/train_dataset/IMG/robocam_2017_05_29_22_45_16_202.jpg,0,0,0,-0.0727338,97.83503,89.25741,359.9733,195.1829,359.1408
/Users/andrei/robotics/RoboND-Rover-Project/train_dataset/IMG/robocam_2017_05_29_22_45_16_248.jpg,0,0,0,-0.06737285,97.83617,89.25648,0.05109278,195.2686,359.1744
/Users/andrei/robotics/RoboND-Rover-Project/train_dataset/IMG/robocam_2017_05_29_22_45_16_298.jpg,0,0,0,-0.05037941,97.83759,89.25593,0.09725069,195.3426,359.2354
/Users/andrei/robotics/RoboND-Rover-Project/train_dataset/IMG/robocam_2017_05_29_22_45_16_352.jpg,0,0,0,-0.04971829,97.83957,89.2557,0.1470583,195.4396,359.3344
/Users/andrei/robotics/RoboND-Rover-Project/train_dataset/IMG/robocam_2017_05_29_22_45_16_400.jpg,0,0,0,-0.04554274,97.8413,89.25574,0.1866295,195.5119,359.4389
/Users/andrei/robotics/RoboND-Rover-Project/train_dataset/IMG/robocam_2017_05_29_22_45_16_470.jpg,0,0,0,-0.04601197,97.84261,89.25616,0.2244612,195.5258,359.5346
/Users/andrei/robotics/RoboND-Rover-Project/train_dataset/IMG/robocam_2017_05_29_22_45_16_518.jpg,2.978368,0,0,-0.04037235,97.84323,89.25647,0.2496957,195.7233,359.5946
/Users/andrei/robotics/RoboND-Rover-Project/train_dataset/IMG/robocam_2017_05_29_22_45_16_583.jpg,5.319674,0,0,-0.03622304,97.8435,89.25694,0.3115528,196.8633,359.6991
/Users/andrei/robotics/RoboND-Rover-Project/train_dataset/IMG/robocam_2017_05_29_22_45_16_633.jpg,8.115163,0,0,-0.02939255,97.84319,89.25703,0.3494111,197.8111,359.7431
/Users/andrei/robotics/RoboND-Rover-Project/train_dataset/IMG/robocam_2017_05_29_22_45_16_688.jpg,8.881333,0,0,-0.02740833,97.84303,89.2571,0.3949283,199.463,359.8057
/Users/andrei/robotics/RoboND-Rover-Project/train_dataset/IMG/robocam_2017_05_29_22_45_16_740.jpg,11.84764,0,0,-0.02504528,97.84299,89.25713,0.4295574,201.5862,359.8625
/Users/andrei/robotics/RoboND-Rover-Project/train_dataset/IMG/robocam_2017_05_29_22_45_16_802.jpg,14.96794,0,0,-0.02328243,97.84299,89.25717,0.4559968,204.2242,359.9107
/Users/andrei/robotics/RoboND-Rover-Project/train_dataset/IMG/robocam_2017_05_29_22_45_16_863.jpg,15,0,0,-0.02212049,97.843,89.25723,0.4764641,206.9466,359.9537
/Users/andrei/robotics/RoboND-Rover-Project/train_dataset/IMG/robocam_2017_05_29_22_45_16_905.jpg,15,0,0,-0.01946863,97.843,89.25721,0.4876549,208.7428,359.9813
/Users/andrei/robotics/RoboND-Rover-Project/train_dataset/IMG/robocam_2017_05_29_22_45_16_968.jpg,15,0,0,-0.01985472,97.84296,89.25705,0.5093486,211.4156,0.03589541
/Users/andrei/robotics/RoboND-Rover-Project/train_dataset/IMG/robocam_2017_05_29_22_45_17_022.jpg,15,0,0,-0.02363954,97.84291,89.25682,0.5381414,214.0806,0.1047379
/Users/andrei/robotics/RoboND-Rover-Project/train_dataset/IMG/robocam_2017_05_29_22_45_17_067.jpg,15,0,0,-0.02602207,97.84286,89.25664,0.561645,215.8549,0.157125
/Users/andrei/robotics/RoboND-Rover-Project/train_dataset/IMG/robocam_2017_05_29_22_45_17_121.jpg,15,0,0,-0.0290202,97.84277,89.25607,0.6231075,218.4837,0.2650131
/Users/andrei/robotics/RoboND-Rover-Project/train_dataset/IMG/robocam_2017_05_29_22_45_17_184.jpg,13.60275,0,0,-0.03310132,97.84271,89.25555,0.696685,220.9536,0.3842366
/Users/andrei/robotics/RoboND-Rover-Project/train_dataset/IMG/robocam_2017_05_29_22_45_17_236.jpg,11.42772,0,0,-0.0378092,97.84268,89.25527,0.747879,222.334,0.4677485
/Users/andrei/robotics/RoboND-Rover-Project/train_dataset/IMG/robocam_2017_05_29_22_45_17_303.jpg,8.23011,0,0,-0.03971881,97.84267,89.25493,0.8428033,224.4504,0.6350592
/Users/andrei/robotics/RoboND-Rover-Project/train_dataset/IMG/robocam_2017_05_29_22_45_17_366.jpg,5.420805,0,0,-0.03967271,97.8427,89.25484,0.8989623,225.4977,0.754934
/Users/andrei/robotics/RoboND-Rover-Project/train_dataset/IMG/robocam_2017_05_29_22_45_17_421.jpg,2.351985,0,0,-0.03487133,97.84275,89.25478,0.9299129,226.1031,0.8585858
/Users/andrei/robotics/RoboND-Rover-Project/train_dataset/IMG/robocam_2017_05_29_22_45_17_465.jpg,0.02211034,0,0,0.02195665,97.84277,89.25475,0.9222376,226.1871,0.9061891
/Users/andrei/robotics/RoboND-Rover-Project/train_dataset/IMG/robocam_2017_05_29_22_45_17_517.jpg,0,0,0,0.01972208,97.84277,89.25473,0.9026893,226.1845,0.9423693
/Users/andrei/robotics/RoboND-Rover-Project/train_dataset/IMG/robocam_2017_05_29_22_45_17_569.jpg,-0.8946911,0,0,0.01708779,97.84275,89.25474,0.8573394,226.0778,0.9798373
/Users/andrei/robotics/RoboND-Rover-Project/train_dataset/IMG/robocam_2017_05_29_22_45_17_617.jpg,-3.766591,0,0,0.01763307,97.84273,89.25475,0.8157071,225.8043,0.9965301
/Users/andrei/robotics/RoboND-Rover-Project/train_dataset/IMG/robocam_2017_05_29_22_45_17_667.jpg,-4.50981,0,0,0.01763307,97.84268,89.25484,0.7374781,224.9995,1.011082
/Users/andrei/robotics/RoboND-Rover-Project/train_dataset/IMG/robocam_2017_05_29_22_45_17_737.jpg,-7.569945,0,0,0.01971137,97.84263,89.25495,0.6425156,223.6958,1.01248
/Users/andrei/robotics/RoboND-Rover-Project/train_dataset/IMG/robocam_2017_05_29_22_45_17_801.jpg,-10.51654,0,0,0.02153581,97.84258,89.25516,0.4960926,221.2216,0.9901135
/Users/andrei/robotics/RoboND-Rover-Project/train_dataset/IMG/robocam_2017_05_29_22_45_17_853.jpg,-13.50347,0,0,0.02397536,97.84257,89.25526,0.4151249,219.6088,0.9673319
/Users/andrei/robotics/RoboND-Rover-Project/train_dataset/IMG/robocam_2017_05_29_22_45_17_903.jpg,-15,0,0,0.02832908,97.84259,89.25542,0.290107,216.9214,0.9148406
/Users/andrei/robotics/RoboND-Rover-Project/train_dataset/IMG/robocam_2017_05_29_22_45_17_969.jpg,-15,0,0,0.0304761,97.84261,89.25558,0.1692621,214.2359,0.8393353
/Users/andrei/robotics/RoboND-Rover-Project/train_dataset/IMG/robocam_2017_05_29_22_45_18_016.jpg,-11.91926,0,0,0.03387775,97.84263,89.2557,0.09515841,212.6343,0.7774467
/Users/andrei/robotics/RoboND-Rover-Project/train_dataset/IMG/robocam_2017_05_29_22_45_18_086.jpg,-9.699853,0,0,0.03471123,97.84263,89.25594,359.9676,210.1351,0.6356147
/Users/andrei/robotics/RoboND-Rover-Project/train_dataset/IMG/robocam_2017_05_29_22_45_18_152.jpg,-6.72387,0,0,0.03507811,97.84262,89.25609,359.8895,208.8516,0.5228593
/Users/andrei/robotics/RoboND-Rover-Project/train_dataset/IMG/robocam_2017_05_29_22_45_18_204.jpg,-3.426043,0,0,0.03637363,97.84261,89.25605,359.8269,208.0223,0.4119159
/Users/andrei/robotics/RoboND-Rover-Project/train_dataset/IMG/robocam_2017_05_29_22_45_18_253.jpg,-2.875919,0,0,0.03602803,97.84261,89.25602,359.7923,207.677,0.338397
/Users/andrei/robotics/RoboND-Rover-Project/train_dataset/IMG/robocam_2017_05_29_22_45_18_299.jpg,0,0,0,0.03399216,97.84262,89.25597,359.7502,207.5957,0.2316932
/Users/andrei/robotics/RoboND-Rover-Project/train_dataset/IMG/robocam_2017_05_29_22_45_18_353.jpg,1.364759,0,0,0.0333561,97.84262,89.25594,359.7271,207.7594,0.1639064
/Users/andrei/robotics/RoboND-Rover-Project/train_dataset/IMG/robocam_2017_05_29_22_45_18_401.jpg,3.51882,0,0,0.03119835,97.84264,89.25591,359.6989,208.3617,0.06902666
/Users/andrei/robotics/RoboND-Rover-Project/train_dataset/IMG/robocam_2017_05_29_22_45_18_471.jpg,6.74604,0,0,0.02720049,97.84264,89.25596,359.6768,209.4838,359.9893
/Users/andrei/robotics/RoboND-Rover-Project/train_dataset/IMG/robocam_2017_05_29_22_45_18_519.jpg,8.891053,0,0,0.0199035,97.84266,89.25581,359.6806,210.5039,359.9661
/Users/andrei/robotics/RoboND-Rover-Project/train_dataset/IMG/robocam_2017_05_29_22_45_18_566.jpg,12.00366,0,0,-0.01014796,97.84266,89.25549,359.7163,212.4518,359.9722
/Users/andrei/robotics/RoboND-Rover-Project/train_dataset/IMG/robocam_2017_05_29_22_45_18_634.jpg,10.96308,0,0,-0.01430783,97.84265,89.25518,359.7845,214.5918,0.01614339
/Users/andrei/robotics/RoboND-Rover-Project/train_dataset/IMG/robocam_2017_05_29_22_45_18_686.jpg,8.739361,0,0,-0.0212214,97.84268,89.25494,359.8719,216.1944,0.07719312
/Users/andrei/robotics/RoboND-Rover-Project/train_dataset/IMG/robocam_2017_05_29_22_45_18_753.jpg,5.674323,0,0,-0.03038806,97.84274,89.2548,359.9697,217.384,0.1470268
/Users/andrei/robotics/RoboND-Rover-Project/train_dataset/IMG/robocam_2017_05_29_22_45_18_819.jpg,2.652753,0,0,-0.03291424,97.84283,89.25475,0.09816868,218.1948,0.2389965
/Users/andrei/robotics/RoboND-Rover-Project/train_dataset/IMG/robocam_2017_05_29_22_45_19_037.jpg,0,0,0,-0.0319377,97.8429,89.25482,0.3418403,218.2621,0.4245213
/Users/andrei/robotics/RoboND-Rover-Project/train_dataset/IMG/robocam_2017_05_29_22_45_19_084.jpg,-1.796672,0,0,-0.01961537,97.84292,89.25484,0.3907321,218.0974,0.4685165
/Users/andrei/robotics/RoboND-Rover-Project/train_dataset/IMG/robocam_2017_05_29_22_45_19_152.jpg,0,0,0,-0.01701044,97.84293,89.25486,0.4290547,218.0138,0.5050479
/Users/andrei/robotics/RoboND-Rover-Project/train_dataset/IMG/robocam_2017_05_29_22_45_19_220.jpg,0,0,0,-0.01222721,97.84293,89.25488,0.4648897,218.0144,0.5433017
/Users/andrei/robotics/RoboND-Rover-Project/train_dataset/IMG/robocam_2017_05_29_22_45_19_270.jpg,0,0,0,0,97.84293,89.25489,0.476062,218.0151,0.5582777
/Users/andrei/robotics/RoboND-Rover-Project/train_dataset/IMG/robocam_2017_05_29_22_45_19_335.jpg,0,0,0,0,97.84294,89.25489,0.4801625,218.0136,0.5713944
/Users/andrei/robotics/RoboND-Rover-Project/train_dataset/IMG/robocam_2017_05_29_22_45_19_386.jpg,0,0,0,0,97.84293,89.2549,0.4716343,218.0146,0.5741993
/Users/andrei/robotics/RoboND-Rover-Project/train_dataset/IMG/robocam_2017_05_29_22_45_19_452.jpg,0,0,0,0,97.84291,89.2549,0.4533419,218.017,0.5698915
/Users/andrei/robotics/RoboND-Rover-Project/train_dataset/IMG/robocam_2017_05_29_22_45_19_503.jpg,0,0,0,0,97.8429,89.25491,0.4301995,218.0188,0.5639014
/Users/andrei/robotics/RoboND-Rover-Project/train_dataset/IMG/robocam_2017_05_29_22_45_19_562.jpg,0,0,0,0,97.84289,89.2549,0.4063115,218.0199,0.5601232
/Users/andrei/robotics/RoboND-Rover-Project/train_dataset/IMG/robocam_2017_05_29_22_45_19_621.jpg,0,0,0,0,97.8429,89.25488,0.3834425,218.0182,0.5603557
/Users/andrei/robotics/RoboND-Rover-Project/train_dataset/IMG/robocam_2017_05_29_22_45_19_675.jpg,0,0.1385461,0,0,97.84298,89.25426,0.3732127,218.0546,0.5685741
/Users/andrei/robotics/RoboND-Rover-Project/train_dataset/IMG/robocam_2017_05_29_22_45_19_724.jpg,0,0.2965171,0,0.01961657,97.84274,89.25308,0.3640288,217.9268,0.5741597
/Users/andrei/robotics/RoboND-Rover-Project/train_dataset/IMG/robocam_2017_05_29_22_45_19_773.jpg,0,0.457092,0,0.02525992,97.84228,89.25207,0.3623194,217.8228,0.5706606
/Users/andrei/robotics/RoboND-Rover-Project/train_dataset/IMG/robocam_2017_05_29_22_45_19_818.jpg,0,0.5780341,0,0.04871828,97.84083,89.25028,0.3850604,217.7898,0.5617269
/Users/andrei/robotics/RoboND-Rover-Project/train_dataset/IMG/robocam_2017_05_29_22_45_19_871.jpg,0,0.723003,0,0.07978345,97.8354,89.24529,0.4900018,217.7274,0.527122
/Users/andrei/robotics/RoboND-Rover-Project/train_dataset/IMG/robocam_2017_05_29_22_45_19_935.jpg,0,0.9362161,0,0.1012826,97.82938,89.23968,0.5873743,217.6479,0.4784591
/Users/andrei/robotics/RoboND-Rover-Project/train_dataset/IMG/robocam_2017_05_29_22_45_19_987.jpg,0,1,0,0.1395855,97.82055,89.23193,0.7299332,217.397,0.41396
/Users/andrei/robotics/RoboND-Rover-Project/train_dataset/IMG/robocam_2017_05_29_22_45_20_056.jpg,0,1,0,0.2155,97.80874,89.22201,0.9152198,217.1005,0.3327144
/Users/andrei/robotics/RoboND-Rover-Project/train_dataset/IMG/robocam_2017_05_29_22_45_20_103.jpg,0,1,0,0.2375787,97.79345,89.20946,1.152224,217.124,0.2314631
/Users/andrei/robotics/RoboND-Rover-Project/train_dataset/IMG/robocam_2017_05_29_22_45_20_188.jpg,0,1,0,0.2929268,97.77067,89.19048,1.404994,216.7816,0.1028588
/Users/andrei/robotics/RoboND-Rover-Project/train_dataset/IMG/robocam_2017_05_29_22_45_20_250.jpg,0,1,0,0.3507035,97.75335,89.1761,1.422035,216.6653,0.01969926
/Users/andrei/robotics/RoboND-Rover-Project/train_dataset/IMG/robocam_2017_05_29_22_45_20_302.jpg,0,1,0,0.3970742,97.73708,89.16201,1.2603,216.4451,0.003777688
/Users/andrei/robotics/RoboND-Rover-Project/train_dataset/IMG/robocam_2017_05_29_22_45_20_368.jpg,0,1,0,0.4655949,97.71675,89.14587,1.125515,216.0941,0.002568807
/Users/andrei/robotics/RoboND-Rover-Project/train_dataset/IMG/robocam_2017_05_29_22_45_20_435.jpg,0,1,0,0.5191756,97.69268,89.12706,1.075256,216.0438,0.0006338518
/Users/andrei/robotics/RoboND-Rover-Project/train_dataset/IMG/robocam_2017_05_29_22_45_20_487.jpg,0,0.9532121,0,0.5413815,97.66616,89.10653,1.068606,215.9325,0.0008360698
/Users/andrei/robotics/RoboND-Rover-Project/train_dataset/IMG/robocam_2017_05_29_22_45_20_553.jpg,0,0.746491,0,0.6067194,97.63648,89.08372,1.119842,215.7802,0.002191735
/Users/andrei/robotics/RoboND-Rover-Project/train_dataset/IMG/robocam_2017_05_29_22_45_20_619.jpg,0,0.547624,0,0.6371004,97.59414,89.05162,1.204093,215.5385,0.000546856
/Users/andrei/robotics/RoboND-Rover-Project/train_dataset/IMG/robocam_2017_05_29_22_45_20_670.jpg,0,0.402961,0,0.6683066,97.57217,89.0351,1.22452,215.5172,0.0008048654
/Users/andrei/robotics/RoboND-Rover-Project/train_dataset/IMG/robocam_2017_05_29_22_45_20_737.jpg,0,0.1935311,0,0.6960124,97.53893,89.01023,1.199683,215.4778,0.001293964
/Users/andrei/robotics/RoboND-Rover-Project/train_dataset/IMG/robocam_2017_05_29_22_45_20_784.jpg,0,0,0,0.7107146,97.50569,88.98569,1.119834,215.5173,-0.004020761
/Users/andrei/robotics/RoboND-Rover-Project/train_dataset/IMG/robocam_2017_05_29_22_45_20_834.jpg,0,0,0,0.7106041,97.48368,88.96982,1.047589,215.5198,359.987
/Users/andrei/robotics/RoboND-Rover-Project/train_dataset/IMG/robocam_2017_05_29_22_45_20_888.jpg,0,0,0,0.7086546,97.45097,88.94629,0.9223967,215.5226,359.9713
/Users/andrei/robotics/RoboND-Rover-Project/train_dataset/IMG/robocam_2017_05_29_22_45_20_955.jpg,0,0,0,0.7066795,97.41849,88.92306,0.7830756,215.5232,359.9528
/Users/andrei/robotics/RoboND-Rover-Project/train_dataset/IMG/robocam_2017_05_29_22_45_21_022.jpg,0,0,0,0.7039447,97.37557,88.89239,0.5798705,215.5231,359.9307
/Users/andrei/robotics/RoboND-Rover-Project/train_dataset/IMG/robocam_2017_05_29_22_45_21_071.jpg,0,0,0,0.7018033,97.35426,88.87714,0.4743101,215.5231,359.9216
/Users/andrei/robotics/RoboND-Rover-Project/train_dataset/IMG/robocam_2017_05_29_22_45_21_123.jpg,0,0,0,0.6995881,97.32236,88.85434,0.3156662,215.523,359.9103
/Users/andrei/robotics/RoboND-Rover-Project/train_dataset/IMG/robocam_2017_05_29_22_45_21_168.jpg,0,0,0,0.698073,97.30112,88.83917,0.2118417,215.5229,359.9043
/Users/andrei/robotics/RoboND-Rover-Project/train_dataset/IMG/robocam_2017_05_29_22_45_21_221.jpg,0,0,0,0.6965294,97.26929,88.81641,0.06224255,215.5228,359.8977
/Users/andrei/robotics/RoboND-Rover-Project/train_dataset/IMG/robocam_2017_05_29_22_45_21_291.jpg,0,0,0,0.6941651,97.23742,88.79364,359.9233,215.5227,359.8937
/Users/andrei/robotics/RoboND-Rover-Project/train_dataset/IMG/robocam_2017_05_29_22_45_21_338.jpg,1.438697,0,0,0.6909333,97.21613,88.77842,359.838,215.5226,359.8925
/Users/andrei/robotics/RoboND-Rover-Project/train_dataset/IMG/robocam_2017_05_29_22_45_21_385.jpg,2.785141,0,0,0.6899486,97.18456,88.75498,359.7223,215.6331,359.9089
/Users/andrei/robotics/RoboND-Rover-Project/train_dataset/IMG/robocam_2017_05_29_22_45_21_435.jpg,5.92272,0,0,0.6861953,97.16367,88.73901,359.6539,215.7643,359.9289
/Users/andrei/robotics/RoboND-Rover-Project/train_dataset/IMG/robocam_2017_05_29_22_45_21_487.jpg,6.531887,0,0,0.6861953,97.13277,88.71439,359.5644,216.0714,359.976
/Users/andrei/robotics/RoboND-Rover-Project/train_dataset/IMG/robocam_2017_05_29_22_45_21_539.jpg,9.579513,0,0,0.6812732,97.10229,88.68891,359.5006,216.5092,0.03937957
/Users/andrei/robotics/RoboND-Rover-Project/train_dataset/IMG/robocam_2017_05_29_22_45_21_587.jpg,11.76413,0,0,0.6786268,97.08223,88.6714,359.4751,216.8776,0.08565273
/Users/andrei/robotics/RoboND-Rover-Project/train_dataset/IMG/robocam_2017_05_29_22_45_21_635.jpg,14.94252,0,0,0.6714249,97.06248,88.65347,359.4608,217.3013,0.1356988
/Users/andrei/robotics/RoboND-Rover-Project/train_dataset/IMG/robocam_2017_05_29_22_45_21_704.jpg,15,0,0,0.6675562,97.02385,88.61652,359.461,218.2652,0.2401295
/Users/andrei/robotics/RoboND-Rover-Project/train_dataset/IMG/robocam_2017_05_29_22_45_21_754.jpg,15,0,0,0.6646987,97.00484,88.59774,359.4716,218.7558,0.2905258
/Users/andrei/robotics/RoboND-Rover-Project/train_dataset/IMG/robocam_2017_05_29_22_45_21_821.jpg,15,0,0,0.6594288,96.96715,88.55975,359.5174,219.7339,0.3728795
/Users/andrei/robotics/RoboND-Rover-Project/train_dataset/IMG/robocam_2017_05_29_22_45_21_872.jpg,15,0,0,0.656838,96.9486,88.54052,359.5466,220.2232,0.4096234
/Users/andrei/robotics/RoboND-Rover-Project/train_dataset/IMG/robocam_2017_05_29_22_45_22_012.jpg,15,0,0,0.6520724,96.88545,88.47233,359.6653,221.9323,0.5144925
/Users/andrei/robotics/RoboND-Rover-Project/train_dataset/IMG/robocam_2017_05_29_22_45_22_052.jpg,15,0,0,0.6452032,96.86792,88.45264,359.7007,222.4174,0.5367603
/Users/andrei/robotics/RoboND-Rover-Project/train_dataset/IMG/robocam_2017_05_29_22_45_22_105.jpg,15,0,0,0.6429809,96.8421,88.42299,359.752,223.1427,0.5649078
/Users/andrei/robotics/RoboND-Rover-Project/train_dataset/IMG/robocam_2017_05_29_22_45_22_154.jpg,15,0,0,0.6408774,96.82521,88.40314,359.7838,223.6243,0.5805764
/Users/andrei/robotics/RoboND-Rover-Project/train_dataset/IMG/robocam_2017_05_29_22_45_22_223.jpg,15,0,0,0.6366667,96.79214,88.36331,359.8422,224.5801,0.6014205
/Users/andrei/robotics/RoboND-Rover-Project/train_dataset/IMG/robocam_2017_05_29_22_45_22_288.jpg,15,0,0,0.6336248,96.76801,88.33334,359.8786,225.2914,0.6104557
/Users/andrei/robotics/RoboND-Rover-Project/train_dataset/IMG/robocam_2017_05_29_22_45_22_358.jpg,15,0,0,0.6296725,96.74444,88.30331,359.9083,225.9974,0.6138698
/Users/andrei/robotics/RoboND-Rover-Project/train_dataset/IMG/robocam_2017_05_29_22_45_22_403.jpg,15,0,0,0.626754,96.72143,88.27324,359.9312,226.6983,0.6122407
/Users/andrei/robotics/RoboND-Rover-Project/train_dataset/IMG/robocam_2017_05_29_22_45_22_457.jpg,15,0,0,0.6248229,96.7064,88.25317,359.9428,227.1627,0.6083476
/Users/andrei/robotics/RoboND-Rover-Project/train_dataset/IMG/robocam_2017_05_29_22_45_22_502.jpg,15,0,0,0.6219493,96.6843,88.22302,359.9549,227.8549,0.5987031
/Users/andrei/robotics/RoboND-Rover-Project/train_dataset/IMG/robocam_2017_05_29_22_45_22_574.jpg,15,0,0,0.6191261,96.66275,88.19283,359.9604,228.5424,0.5858016
/Users/andrei/robotics/RoboND-Rover-Project/train_dataset/IMG/robocam_2017_05_29_22_45_22_621.jpg,15,0,0,0.6172478,96.6417,88.1626,359.9608,229.2247,0.5690125
/Users/andrei/robotics/RoboND-Rover-Project/train_dataset/IMG/robocam_2017_05_29_22_45_22_689.jpg,15,0,0,0.6153762,96.62119,88.13232,359.9559,229.903,0.5502236
/Users/andrei/robotics/RoboND-Rover-Project/train_dataset/IMG/robocam_2017_05_29_22_45_22_736.jpg,15,0,0,0.6107038,96.60777,88.11212,359.9505,230.3526,0.5362501
/Users/andrei/robotics/RoboND-Rover-Project/train_dataset/IMG/robocam_2017_05_29_22_45_22_804.jpg,15,0,0,0.6088434,96.58159,88.07166,359.9355,231.2467,0.506168
/Users/andrei/robotics/RoboND-Rover-Project/train_dataset/IMG/robocam_2017_05_29_22_45_22_855.jpg,15,0,0,0.6051254,96.56881,88.05138,359.9262,231.6913,0.4903859
/Users/andrei/robotics/RoboND-Rover-Project/train_dataset/IMG/robocam_2017_05_29_22_45_22_904.jpg,15,0,0,0.603266,96.55002,88.02093,359.9112,232.3553,0.4659156
/Users/andrei/robotics/RoboND-Rover-Project/train_dataset/IMG/robocam_2017_05_29_22_45_22_972.jpg,15,0,0,0.600487,96.53169,87.99041,359.8946,233.0165,0.4419803
/Users/andrei/robotics/RoboND-Rover-Project/train_dataset/IMG/robocam_2017_05_29_22_45_23_022.jpg,15,0,0,0.5986247,96.51379,87.95983,359.878,233.6744,0.4178073
/Users/andrei/robotics/RoboND-Rover-Project/train_dataset/IMG/robocam_2017_05_29_22_45_23_075.jpg,15,0,0,0.5948991,96.50212,87.9394,359.8663,234.112,0.4029295
/Users/andrei/robotics/RoboND-Rover-Project/train_dataset/IMG/robocam_2017_05_29_22_45_23_122.jpg,15,0,0,0.5930284,96.48494,87.90871,359.8504,234.7652,0.3799455
/Users/andrei/robotics/RoboND-Rover-Project/train_dataset/IMG/robocam_2017_05_29_22_45_23_169.jpg,15,0,0,0.5911548,96.47375,87.88821,359.8396,235.2,0.3663211
/Users/andrei/robotics/RoboND-Rover-Project/train_dataset/IMG/robocam_2017_05_29_22_45_23_251.jpg,15,0,0,0.5883573,96.45187,87.84711,359.8209,236.0652,0.3395033
/Users/andrei/robotics/RoboND-Rover-Project/train_dataset/IMG/robocam_2017_05_29_22_45_23_303.jpg,15,0,0,0.5846315,96.43595,87.81621,359.8085,236.7117,0.3218598
/Users/andrei/robotics/RoboND-Rover-Project/train_dataset/IMG/robocam_2017_05_29_22_45_23_356.jpg,15,0,0,0.582747,96.42558,87.79558,359.8008,237.142,0.3117408
/Users/andrei/robotics/RoboND-Rover-Project/train_dataset/IMG/robocam_2017_05_29_22_45_23_404.jpg,15,0,0,0.5808954,96.41035,87.76457,359.7917,237.785,0.297298
/Users/andrei/robotics/RoboND-Rover-Project/train_dataset/IMG/robocam_2017_05_29_22_45_23_471.jpg,15,0,0,0.5780876,96.39552,87.7335,359.7847,238.426,0.2849005
/Users/andrei/robotics/RoboND-Rover-Project/train_dataset/IMG/robocam_2017_05_29_22_45_23_522.jpg,15,0,0,0.5752822,96.3811,87.70238,359.7797,239.0649,0.2745641
/Users/andrei/robotics/RoboND-Rover-Project/train_dataset/IMG/robocam_2017_05_29_22_45_23_572.jpg,15,0,0,0.5734082,96.37169,87.68163,359.7774,239.4894,0.2686065
/Users/andrei/robotics/RoboND-Rover-Project/train_dataset/IMG/robocam_2017_05_29_22_45_23_643.jpg,15,0,0,0.5706074,96.35344,87.64004,359.7753,240.3362,0.2598688
/Users/andrei/robotics/RoboND-Rover-Project/train_dataset/IMG/robocam_2017_05_29_22_45_23_704.jpg,15,0,0,0.5678115,96.34021,87.60883,359.7755,240.9684,0.2553943
/Users/andrei/robotics/RoboND-Rover-Project/train_dataset/IMG/robocam_2017_05_29_22_45_23_754.jpg,15,0,0,0.5650591,96.33163,87.58801,359.7763,241.389,0.2537611
/Users/andrei/robotics/RoboND-Rover-Project/train_dataset/IMG/robocam_2017_05_29_22_45_23_823.jpg,15,0,0,0.5613669,96.31496,87.54636,359.78,242.2264,0.2518476
/Users/andrei/robotics/RoboND-Rover-Project/train_dataset/IMG/robocam_2017_05_29_22_45_23_868.jpg,15,0,0,0.5585955,96.30688,87.52553,359.7831,242.6434,0.2513113
/Users/andrei/robotics/RoboND-Rover-Project/train_dataset/IMG/robocam_2017_05_29_22_45_23_938.jpg,15,0,0,0.5558464,96.2951,87.49429,359.7878,243.267,0.2520544
/Users/andrei/robotics/RoboND-Rover-Project/train_dataset/IMG/robocam_2017_05_29_22_45_24_004.jpg,15,0,0,0.5530987,96.28001,87.45267,359.7953,244.0947,0.254602
/Users/andrei/robotics/RoboND-Rover-Project/train_dataset/IMG/robocam_2017_05_29_22_45_24_053.jpg,15,0,0,0.5503655,96.27274,87.43188,359.7989,244.507,0.2569403
/Users/andrei/robotics/RoboND-Rover-Project/train_dataset/IMG/robocam_2017_05_29_22_45_24_124.jpg,15,0,0,0.5476459,96.25867,87.39034,359.8077,245.3271,0.2605016
/Users/andrei/robotics/RoboND-Rover-Project/train_dataset/IMG/robocam_2017_05_29_22_45_24_187.jpg,15,0,0,0.5449394,96.24857,87.35922,359.8141,245.9393,0.2640197
/Users/andrei/robotics/RoboND-Rover-Project/train_dataset/IMG/robocam_2017_05_29_22_45_24_237.jpg,15,0,0,0.5431638,96.24207,87.33851,359.8182,246.3461,0.2667876
/Users/andrei/robotics/RoboND-Rover-Project/train_dataset/IMG/robocam_2017_05_29_22_45_24_288.jpg,15,0,0,0.5404897,96.2326,87.30749,359.8242,246.9533,0.2703745
/Users/andrei/robotics/RoboND-Rover-Project/train_dataset/IMG/robocam_2017_05_29_22_45_24_356.jpg,15,0,0,0.5369413,96.22351,87.27653,359.8298,247.5578,0.273893
/Users/andrei/robotics/RoboND-Rover-Project/train_dataset/IMG/robocam_2017_05_29_22_45_24_403.jpg,15,0,0,0.5342917,96.21481,87.24562,359.835,248.1593,0.2771734
/Users/andrei/robotics/RoboND-Rover-Project/train_dataset/IMG/robocam_2017_05_29_22_45_24_458.jpg,15,0,0,0.5316578,96.2092,87.22507,359.8382,248.5586,0.2790199
/Users/andrei/robotics/RoboND-Rover-Project/train_dataset/IMG/robocam_2017_05_29_22_45_24_503.jpg,15,0,0,0.5299026,96.2011,87.19431,359.8425,249.1553,0.2816574
/Users/andrei/robotics/RoboND-Rover-Project/train_dataset/IMG/robocam_2017_05_29_22_45_24_553.jpg,15,0,0,0.5290384,96.19592,87.17384,359.8446,249.5518,0.2836097
/Users/andrei/robotics/RoboND-Rover-Project/train_dataset/IMG/robocam_2017_05_29_22_45_24_607.jpg,15,0,0,0.5264333,96.18843,87.14321,359.8478,250.1436,0.2854134
/Users/andrei/robotics/RoboND-Rover-Project/train_dataset/IMG/robocam_2017_05_29_22_45_24_653.jpg,15,0,0,0.5229623,96.18363,87.12283,359.8498,250.5363,0.2859895
/Users/andrei/robotics/RoboND-Rover-Project/train_dataset/IMG/robocam_2017_05_29_22_45_24_724.jpg,15,0,0,0.521263,96.17451,87.0822,359.8521,251.3183,0.287286
/Users/andrei/robotics/RoboND-Rover-Project/train_dataset/IMG/robocam_2017_05_29_22_45_24_773.jpg,15,0,0,0.5195439,96.17017,87.06195,359.8532,251.7072,0.2870583
/Users/andrei/robotics/RoboND-Rover-Project/train_dataset/IMG/robocam_2017_05_29_22_45_24_856.jpg,15,0,0,0.5161439,96.16197,87.02158,359.8539,252.4814,0.2867611
/Users/andrei/robotics/RoboND-Rover-Project/train_dataset/IMG/robocam_2017_05_29_22_45_24_921.jpg,15,0,0,0.513602,96.15436,86.98137,359.8543,253.2503,0.2846391
/Users/andrei/robotics/RoboND-Rover-Project/train_dataset/IMG/robocam_2017_05_29_22_45_24_970.jpg,15,0,0,0.5102137,96.15079,86.96134,359.8537,253.6332,0.283981
/Users/andrei/robotics/RoboND-Rover-Project/train_dataset/IMG/robocam_2017_05_29_22_45_25_034.jpg,15,0,0,0.5093844,96.1457,86.93137,359.853,254.205,0.2818413
/Users/andrei/robotics/RoboND-Rover-Project/train_dataset/IMG/robocam_2017_05_29_22_45_25_088.jpg,15,0,0,0.5051945,96.14093,86.90151,359.8519,254.774,0.2792677
/Users/andrei/robotics/RoboND-Rover-Project/train_dataset/IMG/robocam_2017_05_29_22_45_25_155.jpg,15,0,0,0.5027012,96.13648,86.87177,359.8506,255.3403,0.2763221
/Users/andrei/robotics/RoboND-Rover-Project/train_dataset/IMG/robocam_2017_05_29_22_45_25_220.jpg,15,0,0,0.5002181,96.13103,86.83225,359.8489,256.091,0.2715218
/Users/andrei/robotics/RoboND-Rover-Project/train_dataset/IMG/robocam_2017_05_29_22_45_25_287.jpg,15,0,0,0.4985842,96.12731,86.80275,359.8473,256.6512,0.2679787
/Users/andrei/robotics/RoboND-Rover-Project/train_dataset/IMG/robocam_2017_05_29_22_45_25_338.jpg,15,0,0,0.4944724,96.12502,86.78315,359.8459,257.0236,0.265872
/Users/andrei/robotics/RoboND-Rover-Project/train_dataset/IMG/robocam_2017_05_29_22_45_25_386.jpg,15,0,0,0.4936606,96.12182,86.75384,359.8443,257.5795,0.2620544
/Users/andrei/robotics/RoboND-Rover-Project/train_dataset/IMG/robocam_2017_05_29_22_45_25_456.jpg,15,0,0,0.4903854,96.11892,86.72464,359.8427,258.133,0.2581839
/Users/andrei/robotics/RoboND-Rover-Project/train_dataset/IMG/robocam_2017_05_29_22_45_25_522.jpg,15,0,0,0.488776,96.11552,86.68589,359.8404,258.8671,0.2532826
/Users/andrei/robotics/RoboND-Rover-Project/train_dataset/IMG/robocam_2017_05_29_22_45_25_587.jpg,15,0,0,0.4863519,96.1133,86.65697,359.839,259.4146,0.2493861
/Users/andrei/robotics/RoboND-Rover-Project/train_dataset/IMG/robocam_2017_05_29_22_45_25_656.jpg,15,0,0,0.4823128,96.11137,86.62817,359.8378,259.9597,0.2456171
/Users/andrei/robotics/RoboND-Rover-Project/train_dataset/IMG/robocam_2017_05_29_22_45_25_723.jpg,15,0,0,0.4799308,96.10924,86.58997,359.8362,260.6826,0.2410122
/Users/andrei/robotics/RoboND-Rover-Project/train_dataset/IMG/robocam_2017_05_29_22_45_25_789.jpg,11.82854,0,0.211431,0.4599037,96.10774,86.56718,359.7099,261.066,0.2114094
/Users/andrei/robotics/RoboND-Rover-Project/train_dataset/IMG/robocam_2017_05_29_22_45_25_859.jpg,9.803534,0,0.3464311,0.2803435,96.10719,86.56351,359.0426,261.1234,0.05340606
/Users/andrei/robotics/RoboND-Rover-Project/train_dataset/IMG/robocam_2017_05_29_22_45_25_905.jpg,6.431098,0,0,0.1579416,96.10719,86.56339,358.7316,261.8943,359.9716
/Users/andrei/robotics/RoboND-Rover-Project/train_dataset/IMG/robocam_2017_05_29_22_45_25_954.jpg,0,0,0,0.1162799,96.10721,86.56327,358.5115,261.8951,359.9242
/Users/andrei/robotics/RoboND-Rover-Project/train_dataset/IMG/robocam_2017_05_29_22_45_26_002.jpg,0,0,0,0.08895455,96.10723,86.56313,358.3856,261.9012,359.9408
/Users/andrei/robotics/RoboND-Rover-Project/train_dataset/IMG/robocam_2017_05_29_22_45_26_071.jpg,0,0,0,-0.05978498,96.10732,86.56301,358.5586,261.9244,0.05145573
/Users/andrei/robotics/RoboND-Rover-Project/train_dataset/IMG/robocam_2017_05_29_22_45_26_144.jpg,0,0,0,-0.1002257,96.10732,86.56314,359.0266,261.9277,0.09056449
/Users/andrei/robotics/RoboND-Rover-Project/train_dataset/IMG/robocam_2017_05_29_22_45_26_188.jpg,0,0,0,-0.1081809,96.10733,86.56323,359.266,261.9294,0.09860528
/Users/andrei/robotics/RoboND-Rover-Project/train_dataset/IMG/robocam_2017_05_29_22_45_26_241.jpg,0,0,0,-0.1062978,96.10735,86.56337,359.6143,261.9308,0.1078608
/Users/andrei/robotics/RoboND-Rover-Project/train_dataset/IMG/robocam_2017_05_29_22_45_26_308.jpg,0,0,0,-0.1001934,96.10737,86.5635,359.9444,261.931,0.1138624
/Users/andrei/robotics/RoboND-Rover-Project/train_dataset/IMG/robocam_2017_05_29_22_45_26_361.jpg,0,0,0,-0.09380174,96.10738,86.56362,0.2516222,261.9302,0.1167894
/Users/andrei/robotics/RoboND-Rover-Project/train_dataset/IMG/robocam_2017_05_29_22_45_26_409.jpg,0,0,0,-0.08879198,96.10738,86.56369,0.4415186,261.9293,0.1171458
/Users/andrei/robotics/RoboND-Rover-Project/train_dataset/IMG/robocam_2017_05_29_22_45_26_470.jpg,0,0,0,-0.07327987,96.10738,86.56379,0.6896719,261.9274,0.103203
/Users/andrei/robotics/RoboND-Rover-Project/train_dataset/IMG/robocam_2017_05_29_22_45_26_540.jpg,0,0,0,-0.06004696,96.1074,86.56389,0.9458202,261.9255,0.0551349
/Users/andrei/robotics/RoboND-Rover-Project/train_dataset/IMG/robocam_2017_05_29_22_45_26_610.jpg,0,0,0,-0.04936639,96.10742,86.56395,1.090694,261.9247,0.009820383
/Users/andrei/robotics/RoboND-Rover-Project/train_dataset/IMG/robocam_2017_05_29_22_45_26_655.jpg,0,0,0,-0.03026264,96.10744,86.56397,1.161301,261.9247,359.9827
/Users/andrei/robotics/RoboND-Rover-Project/train_dataset/IMG/robocam_2017_05_29_22_45_26_721.jpg,0,0,0,-0.01463975,96.10781,86.56395,1.200785,261.9243,359.9901
/Users/andrei/robotics/RoboND-Rover-Project/train_dataset/IMG/robocam_2017_05_29_22_45_26_763.jpg,0,0,0,0,96.10796,86.56392,1.177464,261.9243,0.002627249
/Users/andrei/robotics/RoboND-Rover-Project/train_dataset/IMG/robocam_2017_05_29_22_45_26_822.jpg,0,0,0,0.01000011,96.10792,86.5639,1.112987,261.9249,0.0008027187
/Users/andrei/robotics/RoboND-Rover-Project/train_dataset/IMG/robocam_2017_05_29_22_45_26_890.jpg,0,0,0,0.01946852,96.10797,86.56387,1.034384,261.9257,-0.001681101
/Users/andrei/robotics/RoboND-Rover-Project/train_dataset/IMG/robocam_2017_05_29_22_45_26_938.jpg,0,0.04683906,0,0.02619677,96.10799,86.56394,0.9714453,261.8796,-0.002639767
/Users/andrei/robotics/RoboND-Rover-Project/train_dataset/IMG/robocam_2017_05_29_22_45_27_007.jpg,0,0.24909,0,0.02610877,96.10786,86.56297,0.8551872,261.7929,359.994
/Users/andrei/robotics/RoboND-Rover-Project/train_dataset/IMG/robocam_2017_05_29_22_45_27_060.jpg,0,0.04060793,0,0.03646069,96.10775,86.56217,0.7574586,261.8554,359.99
/Users/andrei/robotics/RoboND-Rover-Project/train_dataset/IMG/robocam_2017_05_29_22_45_27_106.jpg,0,0,0,0.04683044,96.10765,86.56145,0.6921569,261.8441,359.9884
/Users/andrei/robotics/RoboND-Rover-Project/train_dataset/IMG/robocam_2017_05_29_22_45_27_154.jpg,0,0,0,0.04673971,96.10756,86.56081,0.6222905,261.8439,359.9868
/Users/andrei/robotics/RoboND-Rover-Project/train_dataset/IMG/robocam_2017_05_29_22_45_27_226.jpg,0,0,0,0.04677445,96.1074,86.55965,0.4743606,261.8439,359.9845
/Users/andrei/robotics/RoboND-Rover-Project/train_dataset/IMG/robocam_2017_05_29_22_45_27_271.jpg,0,0,0,0.04678379,96.10732,86.55909,0.3987251,261.8439,359.9836
/Users/andrei/robotics/RoboND-Rover-Project/train_dataset/IMG/robocam_2017_05_29_22_45_27_322.jpg,0,0,0,0.04672855,96.10721,86.55827,0.2862889,261.8439,359.9826
/Users/andrei/robotics/RoboND-Rover-Project/train_dataset/IMG/robocam_2017_05_29_22_45_27_373.jpg,0.6615883,0,0,0.04669998,96.10712,86.55769,0.2133635,261.9233,359.982
/Users/andrei/robotics/RoboND-Rover-Project/train_dataset/IMG/robocam_2017_05_29_22_45_27_422.jpg,3.709935,0,0,0.04595434,96.10699,86.55679,0.1076689,262.4157,359.9812
/Users/andrei/robotics/RoboND-Rover-Project/train_dataset/IMG/robocam_2017_05_29_22_45_27_491.jpg,6.018569,0,0,0.04410932,96.1069,86.55606,0.003936422,263.4066,359.9828
/Users/andrei/robotics/RoboND-Rover-Project/train_dataset/IMG/robocam_2017_05_29_22_45_27_556.jpg,9.002744,0,0,0.03738715,96.10686,86.55561,359.9016,264.8534,359.989
/Users/andrei/robotics/RoboND-Rover-Project/train_dataset/IMG/robocam_2017_05_29_22_45_27_608.jpg,11.12692,0,0,0.03380098,96.10683,86.55536,359.8044,266.8195,0.001490895
/Users/andrei/robotics/RoboND-Rover-Project/train_dataset/IMG/robocam_2017_05_29_22_45_27_672.jpg,14.17811,0,0,0.02971956,96.10681,86.55518,359.7176,269.2921,0.02128712
/Users/andrei/robotics/RoboND-Rover-Project/train_dataset/IMG/robocam_2017_05_29_22_45_27_738.jpg,15,0,0,0.02474461,96.10679,86.55503,359.6437,271.9929,0.04688796
/Users/andrei/robotics/RoboND-Rover-Project/train_dataset/IMG/robocam_2017_05_29_22_45_27_806.jpg,15,0,0,0.02103705,96.10676,86.55483,359.567,275.5949,0.08523905
/Users/andrei/robotics/RoboND-Rover-Project/train_dataset/IMG/robocam_2017_05_29_22_45_27_875.jpg,15,0,0,0.01513615,96.10662,86.55456,359.5345,278.2929,0.1040136
/Users/andrei/robotics/RoboND-Rover-Project/train_dataset/IMG/robocam_2017_05_29_22_45_27_939.jpg,15,0,0,0,96.10655,86.55436,359.5164,280.9908,0.1194802
/Users/andrei/robotics/RoboND-Rover-Project/train_dataset/IMG/robocam_2017_05_29_22_45_27_990.jpg,15,0,0,0,96.10651,86.55418,359.5113,283.6885,0.1304421
/Users/andrei/robotics/RoboND-Rover-Project/train_dataset/IMG/robocam_2017_05_29_22_45_28_055.jpg,13.38176,0,0,0,96.10649,86.55403,359.5167,286.2894,0.1363828
/Users/andrei/robotics/RoboND-Rover-Project/train_dataset/IMG/robocam_2017_05_29_22_45_28_124.jpg,10.49235,0,0,0,96.10649,86.55399,359.533,288.9943,0.1335851
/Users/andrei/robotics/RoboND-Rover-Project/train_dataset/IMG/robocam_2017_05_29_22_45_28_189.jpg,7.38744,0,0,0,96.1065,86.554,359.5514,290.5139,0.1244855
/Users/andrei/robotics/RoboND-Rover-Project/train_dataset/IMG/robocam_2017_05_29_22_45_28_235.jpg,4.472477,0,0,0,96.10651,86.554,359.5667,291.2393,0.1148945
/Users/andrei/robotics/RoboND-Rover-Project/train_dataset/IMG/robocam_2017_05_29_22_45_28_283.jpg,3.962627,0,0,0,96.10651,86.55402,359.594,291.9526,0.09638986
/Users/andrei/robotics/RoboND-Rover-Project/train_dataset/IMG/robocam_2017_05_29_22_45_28_343.jpg,0.4265258,0,0,-0.01139382,96.10651,86.55403,359.6259,292.114,0.07343493
/Users/andrei/robotics/RoboND-Rover-Project/train_dataset/IMG/robocam_2017_05_29_22_45_28_405.jpg,0,0,0,-0.01257377,96.10652,86.55405,359.6624,292.114,0.0499163
/Users/andrei/robotics/RoboND-Rover-Project/train_dataset/IMG/robocam_2017_05_29_22_45_28_479.jpg,-2.98503,0,0,-0.01371931,96.10652,86.55407,359.7166,291.6015,0.01785379
/Users/andrei/robotics/RoboND-Rover-Project/train_dataset/IMG/robocam_2017_05_29_22_45_28_538.jpg,-5.921282,0,0,-0.01423015,96.10652,86.55408,359.7458,290.9377,0.001558572
/Users/andrei/robotics/RoboND-Rover-Project/train_dataset/IMG/robocam_2017_05_29_22_45_28_588.jpg,-8.89848,0,0,-0.01445337,96.10653,86.5541,359.7915,289.5282,359.9787
/Users/andrei/robotics/RoboND-Rover-Project/train_dataset/IMG/robocam_2017_05_29_22_45_28_641.jpg,-11.16815,0,0,-0.01441155,96.10653,86.55413,359.839,287.7191,359.9595
/Users/andrei/robotics/RoboND-Rover-Project/train_dataset/IMG/robocam_2017_05_29_22_45_28_710.jpg,-13.24958,0,0,-0.01424341,96.10653,86.55414,359.8875,285.4161,359.9447
/Users/andrei/robotics/RoboND-Rover-Project/train_dataset/IMG/robocam_2017_05_29_22_45_28_757.jpg,-14.42574,0,0,-0.01379713,96.10653,86.55415,359.9198,283.6515,359.9379
/Users/andrei/robotics/RoboND-Rover-Project/train_dataset/IMG/robocam_2017_05_29_22_45_28_839.jpg,-11.50484,0,0,-0.01315404,96.10652,86.55418,359.9814,280.7698,359.9327
/Users/andrei/robotics/RoboND-Rover-Project/train_dataset/IMG/robocam_2017_05_29_22_45_28_894.jpg,-8.409152,0,0,-0.01233846,96.10651,86.55419,0.02368849,279.2094,359.9343
/Users/andrei/robotics/RoboND-Rover-Project/train_dataset/IMG/robocam_2017_05_29_22_45_28_956.jpg,-5.376783,0,0,-0.01102268,96.10651,86.55421,0.06177515,278.1161,359.9386
/Users/andrei/robotics/RoboND-Rover-Project/train_dataset/IMG/robocam_2017_05_29_22_45_29_004.jpg,-2.377848,0,0,0,96.10651,86.55422,0.09529229,277.5054,359.9443
/Users/andrei/robotics/RoboND-Rover-Project/train_dataset/IMG/robocam_2017_05_29_22_45_29_062.jpg,-0.03042161,0,0,0,96.10652,86.55424,0.1241056,277.2952,359.9505
/Users/andrei/robotics/RoboND-Rover-Project/train_dataset/IMG/robocam_2017_05_29_22_45_29_128.jpg,0,0,0,0,96.10652,86.55424,0.1482563,277.2952,359.9568
/Users/andrei/robotics/RoboND-Rover-Project/train_dataset/IMG/robocam_2017_05_29_22_45_29_178.jpg,0,0,0,0,96.10652,86.55425,0.1618056,277.2952,359.9612
/Users/andrei/robotics/RoboND-Rover-Project/train_dataset/IMG/robocam_2017_05_29_22_45_29_237.jpg,0,0,0,0,96.10651,86.55425,0.1782597,277.2952,359.968
/Users/andrei/robotics/RoboND-Rover-Project/train_dataset/IMG/robocam_2017_05_29_22_45_29_287.jpg,-2.869108,0,0,0,96.10651,86.55425,0.1902251,276.9744,359.9759
/Users/andrei/robotics/RoboND-Rover-Project/train_dataset/IMG/robocam_2017_05_29_22_45_29_356.jpg,-4.261545,0,0,0,96.10651,86.55426,0.1976882,276.252,359.985
/Users/andrei/robotics/RoboND-Rover-Project/train_dataset/IMG/robocam_2017_05_29_22_45_29_406.jpg,-7.350704,0,0,0,96.10651,86.55427,0.2006728,274.9745,-0.004478719
/Users/andrei/robotics/RoboND-Rover-Project/train_dataset/IMG/robocam_2017_05_29_22_45_29_475.jpg,-4.301458,0,0,0,96.10651,86.55428,0.1992755,274.0168,0.004234068
/Users/andrei/robotics/RoboND-Rover-Project/train_dataset/IMG/robocam_2017_05_29_22_45_29_541.jpg,-1.283579,0,0,0,96.1065,86.55428,0.1915438,273.5323,0.01187646
/Users/andrei/robotics/RoboND-Rover-Project/train_dataset/IMG/robocam_2017_05_29_22_45_29_607.jpg,0,0,0,0,96.1065,86.55428,0.1819811,273.5323,0.01557518
/Users/andrei/robotics/RoboND-Rover-Project/train_dataset/IMG/robocam_2017_05_29_22_45_29_659.jpg,0,0,0,0,96.1065,86.55427,0.1740265,273.5323,0.01768353
/Users/andrei/robotics/RoboND-Rover-Project/train_dataset/IMG/robocam_2017_05_29_22_45_29_739.jpg,2.970809,0,0,0,96.1065,86.55426,0.1550907,274.0739,0.01966439
/Users/andrei/robotics/RoboND-Rover-Project/train_dataset/IMG/robocam_2017_05_29_22_45_29_789.jpg,6.759406,0,0,0,96.10649,86.55426,0.1388299,275.0951,0.01937713
/Users/andrei/robotics/RoboND-Rover-Project/train_dataset/IMG/robocam_2017_05_29_22_45_29_838.jpg,7.400655,0,0,0,96.10649,86.55425,0.1272247,275.9832,0.01886196
/Users/andrei/robotics/RoboND-Rover-Project/train_dataset/IMG/robocam_2017_05_29_22_45_29_889.jpg,11.19654,0,0,0,96.1065,86.55424,0.1090505,277.8052,0.01760932
/Users/andrei/robotics/RoboND-Rover-Project/train_dataset/IMG/robocam_2017_05_29_22_45_29_959.jpg,13.4739,0,0,0,96.10649,86.55424,0.0902817,280.0409,0.0166255
/Users/andrei/robotics/RoboND-Rover-Project/train_dataset/IMG/robocam_2017_05_29_22_45_30_006.jpg,15,0,0,0,96.10648,86.55423,0.07137968,282.7409,0.01627456
/Users/andrei/robotics/RoboND-Rover-Project/train_dataset/IMG/robocam_2017_05_29_22_45_30_057.jpg,15,0,0,0,96.10649,86.55422,0.05886054,284.541,0.01683509
/Users/andrei/robotics/RoboND-Rover-Project/train_dataset/IMG/robocam_2017_05_29_22_45_30_126.jpg,15,0,0,0,96.10649,86.55422,0.03458501,288.141,0.01963161
/Users/andrei/robotics/RoboND-Rover-Project/train_dataset/IMG/robocam_2017_05_29_22_45_30_190.jpg,12.02429,0,0,0,96.10649,86.55421,0.017315,290.3909,0.02306518
/Users/andrei/robotics/RoboND-Rover-Project/train_dataset/IMG/robocam_2017_05_29_22_45_30_277.jpg,9.141857,0,0,0,96.1065,86.55421,-0.00404552,292.7545,0.02833462
/Users/andrei/robotics/RoboND-Rover-Project/train_dataset/IMG/robocam_2017_05_29_22_45_30_322.jpg,0,0,0,0,96.1065,86.5542,359.9811,293.552,0.03197952
/Users/andrei/robotics/RoboND-Rover-Project/train_dataset/IMG/robocam_2017_05_29_22_45_30_393.jpg,-2.21886,0,0,0,96.10649,86.55419,359.9671,293.2499,0.03443164
/Users/andrei/robotics/RoboND-Rover-Project/train_dataset/IMG/robocam_2017_05_29_22_45_30_441.jpg,-3.16233,0,0,0,96.1065,86.55418,359.9546,292.6447,0.03559886
/Users/andrei/robotics/RoboND-Rover-Project/train_dataset/IMG/robocam_2017_05_29_22_45_30_508.jpg,-0.09562612,0,0,0,96.10651,86.55418,359.9442,292.5384,0.03616368
/Users/andrei/robotics/RoboND-Rover-Project/train_dataset/IMG/robocam_2017_05_29_22_45_30_556.jpg,0,0,0,0,96.10651,86.55418,359.9383,292.5384,0.03614708
/Users/andrei/robotics/RoboND-Rover-Project/train_dataset/IMG/robocam_2017_05_29_22_45_30_625.jpg,0,0,0,0,96.10653,86.55417,359.929,292.5385,0.03513074
/Users/andrei/robotics/RoboND-Rover-Project/train_dataset/IMG/robocam_2017_05_29_22_45_30_692.jpg,-2.217331,0,0,0,96.10654,86.55416,359.9239,292.1393,0.0331012
/Users/andrei/robotics/RoboND-Rover-Project/train_dataset/IMG/robocam_2017_05_29_22_45_30_740.jpg,-6.130486,0,0,0,96.10653,86.55415,359.9204,291.1882,0.02978432
/Users/andrei/robotics/RoboND-Rover-Project/train_dataset/IMG/robocam_2017_05_29_22_45_30_790.jpg,-3.852451,0,0,0,96.10653,86.55415,359.9192,290.6297,0.02744735
/Users/andrei/robotics/RoboND-Rover-Project/train_dataset/IMG/robocam_2017_05_29_22_45_30_842.jpg,-2.319212,0,0,0,96.10653,86.55415,359.919,290.1599,0.0242004
/Users/andrei/robotics/RoboND-Rover-Project/train_dataset/IMG/robocam_2017_05_29_22_45_30_890.jpg,0,0,0,0,96.10654,86.55416,359.9199,290.1066,0.02226352
/Users/andrei/robotics/RoboND-Rover-Project/train_dataset/IMG/robocam_2017_05_29_22_45_30_940.jpg,0,0,0,0,96.10653,86.55416,359.9224,290.1066,0.01929598
/Users/andrei/robotics/RoboND-Rover-Project/train_dataset/IMG/robocam_2017_05_29_22_45_30_993.jpg,0,0,0,0,96.10653,86.55416,359.9248,290.1066,0.01723671
/Users/andrei/robotics/RoboND-Rover-Project/train_dataset/IMG/robocam_2017_05_29_22_45_31_057.jpg,0,0,0,0,96.10653,86.55416,359.9294,290.1066,0.01408263
/Users/andrei/robotics/RoboND-Rover-Project/train_dataset/IMG/robocam_2017_05_29_22_45_31_108.jpg,-1.960156,0,0,0,96.10653,86.55416,359.935,289.7964,0.01058278
/Users/andrei/robotics/RoboND-Rover-Project/train_dataset/IMG/robocam_2017_05_29_22_45_31_175.jpg,-5.029292,0,0,0,96.10653,86.55417,359.9415,289.0665,0.006828359
/Users/andrei/robotics/RoboND-Rover-Project/train_dataset/IMG/robocam_2017_05_29_22_45_31_242.jpg,-5.026141,0,0,0,96.10653,86.55417,359.9511,287.6768,0.002061908
/Users/andrei/robotics/RoboND-Rover-Project/train_dataset/IMG/robocam_2017_05_29_22_45_31_308.jpg,-2.878018,0,0,0,96.10653,86.55416,359.959,287.1588,-0.0005574264
/Users/andrei/robotics/RoboND-Rover-Project/train_dataset/IMG/robocam_2017_05_29_22_45_31_355.jpg,0,0,0,0,96.10654,86.55416,359.9644,287.0855,-0.001933536
/Users/andrei/robotics/RoboND-Rover-Project/train_dataset/IMG/robocam_2017_05_29_22_45_31_409.jpg,0,0,0,0,96.10653,86.55415,359.9725,287.0855,-0.003735011
/Users/andrei/robotics/RoboND-Rover-Project/train_dataset/IMG/robocam_2017_05_29_22_45_31_475.jpg,-2.232673,0,0,0,96.10652,86.55415,359.9807,286.8578,-0.005375538
/Users/andrei/robotics/RoboND-Rover-Project/train_dataset/IMG/robocam_2017_05_29_22_45_31_541.jpg,-2.298149,0,0,0,96.10652,86.55415,359.9912,286.1307,359.9929
/Users/andrei/robotics/RoboND-Rover-Project/train_dataset/IMG/robocam_2017_05_29_22_45_31_612.jpg,0,0,0,0,96.10652,86.55415,-0.001418362,286.0829,359.992
/Users/andrei/robotics/RoboND-Rover-Project/train_dataset/IMG/robocam_2017_05_29_22_45_31_658.jpg,0,0,0,0,96.10652,86.55415,0.003239186,286.0829,359.9916
/Users/andrei/robotics/RoboND-Rover-Project/train_dataset/IMG/robocam_2017_05_29_22_45_31_709.jpg,0,0,0,0,96.10652,86.55415,0.009740898,286.0829,359.9911
/Users/andrei/robotics/RoboND-Rover-Project/train_dataset/IMG/robocam_2017_05_29_22_45_31_761.jpg,0,0,0,0,96.10652,86.55415,0.01558686,286.0829,359.9909
/Users/andrei/robotics/RoboND-Rover-Project/train_dataset/IMG/robocam_2017_05_29_22_45_31_813.jpg,0,0,0,0,96.10652,86.55415,0.01908793,286.0829,359.9909
/Users/andrei/robotics/RoboND-Rover-Project/train_dataset/IMG/robocam_2017_05_29_22_45_31_862.jpg,0,0,0,0,96.10652,86.55415,0.02370743,286.0829,359.991
/Users/andrei/robotics/RoboND-Rover-Project/train_dataset/IMG/robocam_2017_05_29_22_45_31_908.jpg,0,0,0,0,96.10652,86.55415,0.02635189,286.0829,359.9912
/Users/andrei/robotics/RoboND-Rover-Project/train_dataset/IMG/robocam_2017_05_29_22_45_31_957.jpg,0,0,0,0,96.10652,86.55416,0.02864067,286.0829,359.9914
/Users/andrei/robotics/RoboND-Rover-Project/train_dataset/IMG/robocam_2017_05_29_22_45_32_010.jpg,0,0,0,0,96.10652,86.55416,0.03140261,286.0829,359.9919
/Users/andrei/robotics/RoboND-Rover-Project/train_dataset/IMG/robocam_2017_05_29_22_45_32_060.jpg,0,0,0,0,96.10652,86.55416,0.03336474,286.0829,359.9925
/Users/andrei/robotics/RoboND-Rover-Project/train_dataset/IMG/robocam_2017_05_29_22_45_32_125.jpg,0,0,0,0,96.10651,86.55417,0.03454827,286.0829,359.9932
/Users/andrei/robotics/RoboND-Rover-Project/train_dataset/IMG/robocam_2017_05_29_22_45_32_193.jpg,-1.540755,0,0,0,96.10651,86.55416,0.03499606,285.9904,359.9941
/Users/andrei/robotics/RoboND-Rover-Project/train_dataset/IMG/robocam_2017_05_29_22_45_32_274.jpg,-4.54113,0,0,0,96.1065,86.55416,0.03456484,285.0797,-0.004281398
/Users/andrei/robotics/RoboND-Rover-Project/train_dataset/IMG/robocam_2017_05_29_22_45_32_325.jpg,-0.7855654,0,0,0,96.10651,86.55416,0.03345645,284.7439,-0.003285332
/Users/andrei/robotics/RoboND-Rover-Project/train_dataset/IMG/robocam_2017_05_29_22_45_32_374.jpg,0,0,0,0,96.10651,86.55417,0.03238864,284.7336,-0.002754325
/Users/andrei/robotics/RoboND-Rover-Project/train_dataset/IMG/robocam_2017_05_29_22_45_32_442.jpg,0,0,0,0,96.10651,86.55416,0.02959738,284.7336,-0.001724517
/Users/andrei/robotics/RoboND-Rover-Project/train_dataset/IMG/robocam_2017_05_29_22_45_32_509.jpg,0,0,0,0,96.10652,86.55416,0.02701996,284.7336,-0.0009882605
/Users/andrei/robotics/RoboND-Rover-Project/train_dataset/IMG/robocam_2017_05_29_22_45_32_578.jpg,0,0,0,0,96.10651,86.55416,0.02411619,284.7336,-0.0002968127
/Users/andrei/robotics/RoboND-Rover-Project/train_dataset/IMG/robocam_2017_05_29_22_45_32_629.jpg,0,0,0,0,96.10651,86.55416,0.02096512,284.7336,0.0003421602
/Users/andrei/robotics/RoboND-Rover-Project/train_dataset/IMG/robocam_2017_05_29_22_45_32_678.jpg,0,0,0,0,96.10651,86.55415,0.01876492,284.7336,0.0007324282
/Users/andrei/robotics/RoboND-Rover-Project/train_dataset/IMG/robocam_2017_05_29_22_45_32_738.jpg,0,0,0,0,96.10651,86.55415,0.01537308,284.7336,0.001261211
/Users/andrei/robotics/RoboND-Rover-Project/train_dataset/IMG/robocam_2017_05_29_22_45_32_790.jpg,0,0,0,0,96.1065,86.55414,0.01193748,284.7336,0.001716989
/Users/andrei/robotics/RoboND-Rover-Project/train_dataset/IMG/robocam_2017_05_29_22_45_32_860.jpg,0,0,0,0,96.10648,86.55412,0.007405709,284.7336,0.002210591
/Users/andrei/robotics/RoboND-Rover-Project/train_dataset/IMG/robocam_2017_05_29_22_45_32_926.jpg,0,0,0,0,96.10648,86.55412,0.004125742,284.7336,0.002490133
/Users/andrei/robotics/RoboND-Rover-Project/train_dataset/IMG/robocam_2017_05_29_22_45_32_991.jpg,0,0,0,0,96.10647,86.55412,0.001009872,284.7336,0.002692206
/Users/andrei/robotics/RoboND-Rover-Project/train_dataset/IMG/robocam_2017_05_29_22_45_33_042.jpg,0,0,0,0,96.10645,86.55413,-0.001894607,284.7336,0.002822209
/Users/andrei/robotics/RoboND-Rover-Project/train_dataset/IMG/robocam_2017_05_29_22_45_33_093.jpg,0,0,0,0,96.10645,86.55413,-0.003692977,284.7336,0.002870543
/Users/andrei/robotics/RoboND-Rover-Project/train_dataset/IMG/robocam_2017_05_29_22_45_33_141.jpg,0,0,0,0,96.10644,86.55412,359.9938,284.7336,0.002886059
/Users/andrei/robotics/RoboND-Rover-Project/train_dataset/IMG/robocam_2017_05_29_22_45_33_193.jpg,0,0,0,0,96.10643,86.55412,359.9924,284.7336,0.002862564
/Users/andrei/robotics/RoboND-Rover-Project/train_dataset/IMG/robocam_2017_05_29_22_45_33_261.jpg,0,0,0,0,96.10641,86.55412,359.9898,284.7336,0.00274307
/Users/andrei/robotics/RoboND-Rover-Project/train_dataset/IMG/robocam_2017_05_29_22_45_33_327.jpg,0,0,0,0,96.10641,86.55412,359.9883,284.7336,0.002596666
/Users/andrei/robotics/RoboND-Rover-Project/train_dataset/IMG/robocam_2017_05_29_22_45_33_375.jpg,0,0,0,0,96.1064,86.55412,359.9875,284.7336,0.002475898
/Users/andrei/robotics/RoboND-Rover-Project/train_dataset/IMG/robocam_2017_05_29_22_45_33_437.jpg,0,0,0,0,96.10639,86.55412,359.9866,284.7336,0.002266014
/Users/andrei/robotics/RoboND-Rover-Project/train_dataset/IMG/robocam_2017_05_29_22_45_33_478.jpg,0,0,0,0,96.10639,86.55412,359.9861,284.7336,0.002108848
/Users/andrei/robotics/RoboND-Rover-Project/train_dataset/IMG/robocam_2017_05_29_22_45_33_525.jpg,0,0,0,0,96.10638,86.55412,359.9857,284.7336,0.001854446
/Users/andrei/robotics/RoboND-Rover-Project/train_dataset/IMG/robocam_2017_05_29_22_45_33_591.jpg,0,0,0,0,96.10638,86.55412,359.9856,284.7336,0.001585537
/Users/andrei/robotics/RoboND-Rover-Project/train_dataset/IMG/robocam_2017_05_29_22_45_33_659.jpg,0,0,0,0,96.10638,86.55412,359.9859,284.7336,0.001213621
/Users/andrei/robotics/RoboND-Rover-Project/train_dataset/IMG/robocam_2017_05_29_22_45_33_709.jpg,0,0,0,0,96.10637,86.55411,359.9863,284.7336,0.001026179
/Users/andrei/robotics/RoboND-Rover-Project/train_dataset/IMG/robocam_2017_05_29_22_45_33_775.jpg,0,0,0,0,96.10637,86.55412,359.987,284.7336,0.0007499171
/Users/andrei/robotics/RoboND-Rover-Project/train_dataset/IMG/robocam_2017_05_29_22_45_33_826.jpg,0,0,0,0,96.10637,86.55412,359.9879,284.7336,0.0004811045
/Users/andrei/robotics/RoboND-Rover-Project/train_dataset/IMG/robocam_2017_05_29_22_45_33_911.jpg,0,0,0,0,96.10637,86.55413,359.9893,284.7336,0.0001432186
/Users/andrei/robotics/RoboND-Rover-Project/train_dataset/IMG/robocam_2017_05_29_22_45_33_976.jpg,0,0,0,0,96.10637,86.55413,359.9906,284.7336,-8.788875E-05
/Users/andrei/robotics/RoboND-Rover-Project/train_dataset/IMG/robocam_2017_05_29_22_45_34_041.jpg,0,0,0,0,96.10638,86.55413,359.9924,284.7336,-0.000360733
/Users/andrei/robotics/RoboND-Rover-Project/train_dataset/IMG/robocam_2017_05_29_22_45_34_089.jpg,0,0,0,0,96.10638,86.55412,359.9933,284.7336,-0.0004800816
/Users/andrei/robotics/RoboND-Rover-Project/train_dataset/IMG/robocam_2017_05_29_22_45_34_161.jpg,0,0,0,0,96.10638,86.55412,-0.004761329,284.7336,-0.0006859847
/Users/andrei/robotics/RoboND-Rover-Project/train_dataset/IMG/robocam_2017_05_29_22_45_34_212.jpg,0,0,0,0,96.10638,86.55412,-0.003804919,284.7336,-0.0007710863
/Users/andrei/robotics/RoboND-Rover-Project/train_dataset/IMG/robocam_2017_05_29_22_45_34_275.jpg,0,0,0,0,96.10639,86.55412,-0.002395219,284.7336,-0.0008750578
/Users/andrei/robotics/RoboND-Rover-Project/train_dataset/IMG/robocam_2017_05_29_22_45_34_326.jpg,-0.7828215,0,0,0,96.10639,86.55412,-0.001036028,284.6397,-0.0009546009
/Users/andrei/robotics/RoboND-Rover-Project/train_dataset/IMG/robocam_2017_05_29_22_45_34_393.jpg,-3.851282,0,0,0,96.1064,86.55412,0.000255796,284.1342,-0.001000465
/Users/andrei/robotics/RoboND-Rover-Project/train_dataset/IMG/robocam_2017_05_29_22_45_34_452.jpg,-6.884281,0,0,0,96.10641,86.55412,0.001463119,283.0872,-0.0009867225
/Users/andrei/robotics/RoboND-Rover-Project/train_dataset/IMG/robocam_2017_05_29_22_45_34_492.jpg,-9.325891,0,0,0,96.10641,86.55413,0.00221047,282.1323,-0.0009346628
/Users/andrei/robotics/RoboND-Rover-Project/train_dataset/IMG/robocam_2017_05_29_22_45_34_542.jpg,-11.40818,0,0,0,96.10641,86.55413,0.003231145,280.272,-0.0007810993
/Users/andrei/robotics/RoboND-Rover-Project/train_dataset/IMG/robocam_2017_05_29_22_45_34_612.jpg,-13.54932,0,0,0,96.10641,86.55415,0.004115785,277.9258,-0.0005321698
/Users/andrei/robotics/RoboND-Rover-Project/train_dataset/IMG/robocam_2017_05_29_22_45_34_658.jpg,-15,0,0,0,96.10641,86.55415,0.004623226,276.1258,-0.0003185497
/Users/andrei/robotics/RoboND-Rover-Project/train_dataset/IMG/robocam_2017_05_29_22_45_34_709.jpg,-15,0,0,0,96.10642,86.55415,0.005248781,273.4258,3.557E-05
/Users/andrei/robotics/RoboND-Rover-Project/train_dataset/IMG/robocam_2017_05_29_22_45_34_758.jpg,-15,0,0,0,96.10642,86.55414,0.005574386,271.6258,0.0002832859
/Users/andrei/robotics/RoboND-Rover-Project/train_dataset/IMG/robocam_2017_05_29_22_45_34_809.jpg,-15,0,0,0,96.10642,86.55413,0.005928288,268.9258,0.0006536181
/Users/andrei/robotics/RoboND-Rover-Project/train_dataset/IMG/robocam_2017_05_29_22_45_34_881.jpg,-15,0,0,0,96.10642,86.55413,0.006158109,265.3258,0.001113557
/Users/andrei/robotics/RoboND-Rover-Project/train_dataset/IMG/robocam_2017_05_29_22_45_34_944.jpg,-12.82398,0,0,0,96.10642,86.55413,0.006174108,263.0175,0.001372137
/Users/andrei/robotics/RoboND-Rover-Project/train_dataset/IMG/robocam_2017_05_29_22_45_35_010.jpg,-8.990656,0,0,0,96.10642,86.55413,0.00607994,261.3123,0.001518377
/Users/andrei/robotics/RoboND-Rover-Project/train_dataset/IMG/robocam_2017_05_29_22_45_35_060.jpg,-5.91756,0,0,0,96.10642,86.55413,0.005890488,260.0594,0.001570168
/Users/andrei/robotics/RoboND-Rover-Project/train_dataset/IMG/robocam_2017_05_29_22_45_35_135.jpg,-3.603796,0,0,0,96.10642,86.55414,0.00561988,259.3131,0.001529478
/Users/andrei/robotics/RoboND-Rover-Project/train_dataset/IMG/robocam_2017_05_29_22_45_35_178.jpg,-0.6719103,0,0,0,96.10642,86.55414,0.005401467,259.0835,0.001458391
/Users/andrei/robotics/RoboND-Rover-Project/train_dataset/IMG/robocam_2017_05_29_22_45_35_225.jpg,1.607939,0,0,0,96.10642,86.55415,0.005022569,259.18,0.001294192
/Users/andrei/robotics/RoboND-Rover-Project/train_dataset/IMG/robocam_2017_05_29_22_45_35_278.jpg,2.116845,0,0,0,96.10642,86.55415,0.004735759,259.434,0.001163321
/Users/andrei/robotics/RoboND-Rover-Project/train_dataset/IMG/robocam_2017_05_29_22_45_35_343.jpg,5.945669,0,0,0,96.10641,86.55416,0.004100379,260.682,0.0008536769
/Users/andrei/robotics/RoboND-Rover-Project/train_dataset/IMG/robocam_2017_05_29_22_45_35_411.jpg,8.977544,0,0,0,96.10641,86.55418,0.00357496,262.2039,0.0006083634
/Users/andrei/robotics/RoboND-Rover-Project/train_dataset/IMG/robocam_2017_05_29_22_45_35_476.jpg,6.907678,0,0,0,96.10641,86.55418,0.003013388,263.4817,0.0004124624
/Users/andrei/robotics/RoboND-Rover-Project/train_dataset/IMG/robocam_2017_05_29_22_45_35_544.jpg,3.016573,0,0,0,96.10641,86.5542,0.002235295,264.3903,0.0002312006
/Users/andrei/robotics/RoboND-Rover-Project/train_dataset/IMG/robocam_2017_05_29_22_45_35_613.jpg,0,0,0,0,96.10641,86.55421,0.001650034,264.4801,0.0001348561
/Users/andrei/robotics/RoboND-Rover-Project/train_dataset/IMG/robocam_2017_05_29_22_45_35_676.jpg,1.457684,0,0,0,96.10641,86.55422,0.001080392,264.5676,4.487066E-05
/Users/andrei/robotics/RoboND-Rover-Project/train_dataset/IMG/robocam_2017_05_29_22_45_35_744.jpg,4.333138,0,0,0,96.10641,86.55423,0.0003608399,265.4279,-6.538436E-05
/Users/andrei/robotics/RoboND-Rover-Project/train_dataset/IMG/robocam_2017_05_29_22_45_35_810.jpg,7.32438,0,0,0,96.10641,86.55424,-0.0001396853,266.659,-0.0001233092
/Users/andrei/robotics/RoboND-Rover-Project/train_dataset/IMG/robocam_2017_05_29_22_45_35_894.jpg,10.32597,0,0,0,96.10641,86.55425,-0.0007442202,268.9618,-0.0001510149
/Users/andrei/robotics/RoboND-Rover-Project/train_dataset/IMG/robocam_2017_05_29_22_45_35_960.jpg,14.17131,0,0,0,96.10641,86.55426,-0.00126098,272.1778,-0.0001092739
/Users/andrei/robotics/RoboND-Rover-Project/train_dataset/IMG/robocam_2017_05_29_22_45_36_026.jpg,15,0,0,0,96.10641,86.55427,-0.00158292,274.8777,-3.706945E-05
/Users/andrei/robotics/RoboND-Rover-Project/train_dataset/IMG/robocam_2017_05_29_22_45_36_093.jpg,15,0,0,0,96.10641,86.55427,-0.001839397,277.5778,5.526095E-05
/Users/andrei/robotics/RoboND-Rover-Project/train_dataset/IMG/robocam_2017_05_29_22_45_36_144.jpg,15,0,0,0,96.10641,86.55428,-0.002032483,280.2778,0.0001594789
/Users/andrei/robotics/RoboND-Rover-Project/train_dataset/IMG/robocam_2017_05_29_22_45_36_211.jpg,13.49709,0,0,0,96.10641,86.55428,-0.002165652,282.7974,0.0002603718
/Users/andrei/robotics/RoboND-Rover-Project/train_dataset/IMG/robocam_2017_05_29_22_45_36_258.jpg,11.99499,0,0,0,96.10641,86.55428,-0.002223183,284.2368,0.0003169076
/Users/andrei/robotics/RoboND-Rover-Project/train_dataset/IMG/robocam_2017_05_29_22_45_36_308.jpg,8.10249,0,0,0,96.10641,86.55428,-0.002262597,285.909,0.0003740901
/Users/andrei/robotics/RoboND-Rover-Project/train_dataset/IMG/robocam_2017_05_29_22_45_36_376.jpg,6.083745,0,0,0,96.10641,86.55428,-0.002251914,287.1856,0.0004050299
/Users/andrei/robotics/RoboND-Rover-Project/train_dataset/IMG/robocam_2017_05_29_22_45_36_436.jpg,3.062354,0,0,0,96.10641,86.55428,-0.002199053,287.9177,0.0004049476
/Users/andrei/robotics/RoboND-Rover-Project/train_dataset/IMG/robocam_2017_05_29_22_45_36_494.jpg,0.8216232,0,0,0,96.10641,86.55428,-0.002106648,288.1907,0.0003791171
/Users/andrei/robotics/RoboND-Rover-Project/train_dataset/IMG/robocam_2017_05_29_22_45_36_561.jpg,0,0,0,0,96.10641,86.55427,-0.001927678,288.1907,0.0003230118
/Users/andrei/robotics/RoboND-Rover-Project/train_dataset/IMG/robocam_2017_05_29_22_45_36_629.jpg,0,0,0,0,96.10641,86.55427,-0.001755906,288.1907,0.0002772999
/Users/andrei/robotics/RoboND-Rover-Project/train_dataset/IMG/robocam_2017_05_29_22_45_36_694.jpg,0,0,0,0,96.10641,86.55427,-0.001558249,288.1907,0.0002299026
/Users/andrei/robotics/RoboND-Rover-Project/train_dataset/IMG/robocam_2017_05_29_22_45_36_761.jpg,-2.960145,0,0,0,96.10641,86.55426,-0.001265743,287.6551,0.0001552689
/Users/andrei/robotics/RoboND-Rover-Project/train_dataset/IMG/robocam_2017_05_29_22_45_36_829.jpg,-6.041295,0,0,0,96.10641,86.55425,-0.001030209,286.6613,9.548035E-05
/Users/andrei/robotics/RoboND-Rover-Project/train_dataset/IMG/robocam_2017_05_29_22_45_36_894.jpg,-8.979481,0,0,0,96.10641,86.55425,-0.0007864212,285.2162,4.028079E-05
/Users/andrei/robotics/RoboND-Rover-Project/train_dataset/IMG/robocam_2017_05_29_22_45_36_961.jpg,-5.969927,0,0,0,96.10641,86.55424,-0.0004565564,283.6057,-5.307418E-06
/Users/andrei/robotics/RoboND-Rover-Project/train_dataset/IMG/robocam_2017_05_29_22_45_37_026.jpg,-2.979543,0,0,0,96.10641,86.55424,-0.0002111628,282.9804,-2.450009E-05
/Users/andrei/robotics/RoboND-Rover-Project/train_dataset/IMG/robocam_2017_05_29_22_45_37_075.jpg,0,0,0,0,96.10641,86.55424,-5.302338E-05,282.7976,-3.231153E-05
/Users/andrei/robotics/RoboND-Rover-Project/train_dataset/IMG/robocam_2017_05_29_22_45_37_131.jpg,0,0,0,0,96.10641,86.55424,0.0001724842,282.7976,-4.200303E-05
/Users/andrei/robotics/RoboND-Rover-Project/train_dataset/IMG/robocam_2017_05_29_22_45_37_193.jpg,0,0,0,0,96.10641,86.55423,0.0003822225,282.7976,-5.058382E-05
/Users/andrei/robotics/RoboND-Rover-Project/train_dataset/IMG/robocam_2017_05_29_22_45_37_261.jpg,0,0,0,0,96.10641,86.55423,0.0006351948,282.7976,-5.860336E-05
/Users/andrei/robotics/RoboND-Rover-Project/train_dataset/IMG/robocam_2017_05_29_22_45_37_327.jpg,0,0.09535807,0,0,96.10654,86.55363,0.01411044,282.8014,-6.515766E-05
/Users/andrei/robotics/RoboND-Rover-Project/train_dataset/IMG/robocam_2017_05_29_22_45_37_398.jpg,0,0.301785,0,0,96.1068,86.55253,0.03807142,282.8524,-0.0001944295
/Users/andrei/robotics/RoboND-Rover-Project/train_dataset/IMG/robocam_2017_05_29_22_45_37_442.jpg,0,0.5034209,0,0.03432278,96.10745,86.54965,0.09837423,282.7054,3.905436E-05
/Users/andrei/robotics/RoboND-Rover-Project/train_dataset/IMG/robocam_2017_05_29_22_45_37_492.jpg,0,0.541857,0,0.03441569,96.10809,86.54681,0.1555699,282.7451,2.157621E-05
/Users/andrei/robotics/RoboND-Rover-Project/train_dataset/IMG/robocam_2017_05_29_22_45_37_561.jpg,0,0.796953,0,0.07110653,96.11012,86.5378,0.3310406,282.8523,-0.0005284513
/Users/andrei/robotics/RoboND-Rover-Project/train_dataset/IMG/robocam_2017_05_29_22_45_37_612.jpg,0,0.9617971,0,0.1193079,96.11169,86.53101,0.454605,282.8242,0.001096907
/Users/andrei/robotics/RoboND-Rover-Project/train_dataset/IMG/robocam_2017_05_29_22_45_37_677.jpg,0,1,0,0.1766383,96.11502,86.51643,0.6996302,282.8258,0.0001591206
/Users/andrei/robotics/RoboND-Rover-Project/train_dataset/IMG/robocam_2017_05_29_22_45_37_744.jpg,0,1,0,0.2120072,96.12033,86.49338,1.026471,282.8896,0.0007631159
/Users/andrei/robotics/RoboND-Rover-Project/train_dataset/IMG/robocam_2017_05_29_22_45_37_810.jpg,0,1,0,0.2519339,96.12505,86.47288,1.261225,282.7969,0.002091038
/Users/andrei/robotics/RoboND-Rover-Project/train_dataset/IMG/robocam_2017_05_29_22_45_37_878.jpg,0,1,0,0.3195711,96.12968,86.45316,1.292163,282.8045,0.003191524
/Users/andrei/robotics/RoboND-Rover-Project/train_dataset/IMG/robocam_2017_05_29_22_45_37_927.jpg,0,1,0,0.382332,96.13459,86.43206,1.171181,282.6827,0.002657165
/Users/andrei/robotics/RoboND-Rover-Project/train_dataset/IMG/robocam_2017_05_29_22_45_37_975.jpg,0,1,0,0.4598527,96.13839,86.41572,1.119246,282.7405,-0.0001726953
/Users/andrei/robotics/RoboND-Rover-Project/train_dataset/IMG/robocam_2017_05_29_22_45_38_029.jpg,0,1,0,0.4598527,96.14474,86.3883,1.088431,282.7978,-7.214355E-05
/Users/andrei/robotics/RoboND-Rover-Project/train_dataset/IMG/robocam_2017_05_29_22_45_38_095.jpg,0,1,0,0.5161854,96.1519,86.35737,1.108898,282.8539,0.0003111387
/Users/andrei/robotics/RoboND-Rover-Project/train_dataset/IMG/robocam_2017_05_29_22_45_38_165.jpg,0,1,0,0.578449,96.16273,86.31082,1.197085,282.9619,0.000497485
/Users/andrei/robotics/RoboND-Rover-Project/train_dataset/IMG/robocam_2017_05_29_22_45_38_212.jpg,0,1,0,0.5984637,96.16855,86.28571,1.237791,282.9568,0.001147699
/Users/andrei/robotics/RoboND-Rover-Project/train_dataset/IMG/robocam_2017_05_29_22_45_38_261.jpg,0,1,0,0.638906,96.17754,86.24727,1.228863,282.9514,0.001517518
/Users/andrei/robotics/RoboND-Rover-Project/train_dataset/IMG/robocam_2017_05_29_22_45_38_311.jpg,0,1,0,0.7064676,96.18394,86.22,1.209655,282.9701,0.0008712566
/Users/andrei/robotics/RoboND-Rover-Project/train_dataset/IMG/robocam_2017_05_29_22_45_38_365.jpg,0,1,0,0.7402838,96.19418,86.17628,1.190061,282.9963,0.000470077
/Users/andrei/robotics/RoboND-Rover-Project/train_dataset/IMG/robocam_2017_05_29_22_45_38_435.jpg,0,1,0,0.8021989,96.20533,86.1288,1.207484,283.0001,0.0007538495
/Users/andrei/robotics/RoboND-Rover-Project/train_dataset/IMG/robocam_2017_05_29_22_45_38_476.jpg,0,1,0,0.8566167,96.21305,86.0959,1.208515,283.0054,0.0008053811
/Users/andrei/robotics/RoboND-Rover-Project/train_dataset/IMG/robocam_2017_05_29_22_45_38_544.jpg,0,1,0,0.8909103,96.22954,86.0256,1.217999,283.0541,0.0001290424
/Users/andrei/robotics/RoboND-Rover-Project/train_dataset/IMG/robocam_2017_05_29_22_45_38_612.jpg,0,1,0,0.946185,96.24275,85.96947,1.219616,283.0732,0.0008832956
/Users/andrei/robotics/RoboND-Rover-Project/train_dataset/IMG/robocam_2017_05_29_22_45_38_677.jpg,0,1,0,1.01007,96.25655,85.91097,1.208609,283.0534,0.001335466
/Users/andrei/robotics/RoboND-Rover-Project/train_dataset/IMG/robocam_2017_05_29_22_45_38_745.jpg,0,1,0,1.048727,96.27611,85.82813,1.226589,283.0856,0.0008053064
/Users/andrei/robotics/RoboND-Rover-Project/train_dataset/IMG/robocam_2017_05_29_22_45_38_813.jpg,-2.91636,1,0,1.102663,96.29077,85.76255,1.233246,282.9526,0.001779676
/Users/andrei/robotics/RoboND-Rover-Project/train_dataset/IMG/robocam_2017_05_29_22_45_38_860.jpg,-5.922044,1,0,1.161243,96.30457,85.69448,1.220568,282.6325,0.003088413
/Users/andrei/robotics/RoboND-Rover-Project/train_dataset/IMG/robocam_2017_05_29_22_45_38_928.jpg,-8.183519,1,0,1.193848,96.31724,85.6231,1.222049,282.0834,-0.0001122434
/Users/andrei/robotics/RoboND-Rover-Project/train_dataset/IMG/robocam_2017_05_29_22_45_38_994.jpg,-11.21144,1,0,1.253467,96.32826,85.5488,1.217942,281.2847,359.9841
/Users/andrei/robotics/RoboND-Rover-Project/train_dataset/IMG/robocam_2017_05_29_22_45_39_044.jpg,-14.35572,1,0,1.295226,96.33708,85.47144,1.21419,280.2053,359.9492
/Users/andrei/robotics/RoboND-Rover-Project/train_dataset/IMG/robocam_2017_05_29_22_45_39_099.jpg,-15,1,0,1.343433,96.34379,85.39176,1.18403,278.8885,359.9209
/Users/andrei/robotics/RoboND-Rover-Project/train_dataset/IMG/robocam_2017_05_29_22_45_39_146.jpg,-13.60509,1,0,1.353777,96.34769,85.33716,1.155853,278.047,359.916
/Users/andrei/robotics/RoboND-Rover-Project/train_dataset/IMG/robocam_2017_05_29_22_45_39_212.jpg,-10.47696,1,0,1.418765,96.35331,85.25259,1.13027,276.9478,359.9209
/Users/andrei/robotics/RoboND-Rover-Project/train_dataset/IMG/robocam_2017_05_29_22_45_39_261.jpg,-9.056579,1,0,1.43564,96.35876,85.16449,1.143114,276.0305,359.9285
/Users/andrei/robotics/RoboND-Rover-Project/train_dataset/IMG/robocam_2017_05_29_22_45_39_310.jpg,-5.300743,1,0,1.49743,96.36285,85.10403,1.165201,275.5634,359.9517
/Users/andrei/robotics/RoboND-Rover-Project/train_dataset/IMG/robocam_2017_05_29_22_45_39_362.jpg,-3.909884,1,0,1.529436,96.36959,85.01048,1.229381,275.0865,-0.001915315
/Users/andrei/robotics/RoboND-Rover-Project/train_dataset/IMG/robocam_2017_05_29_22_45_39_409.jpg,-0.739679,1,0,1.573915,96.37411,84.94671,1.266259,274.9006,0.004609738
/Users/andrei/robotics/RoboND-Rover-Project/train_dataset/IMG/robocam_2017_05_29_22_45_39_477.jpg,0,1,0,1.62068,96.38177,84.84917,1.297939,274.8226,0.002643291
/Users/andrei/robotics/RoboND-Rover-Project/train_dataset/IMG/robocam_2017_05_29_22_45_39_546.jpg,0,1,0,1.667802,96.39316,84.71572,1.287606,274.8188,0.001238932
/Users/andrei/robotics/RoboND-Rover-Project/train_dataset/IMG/robocam_2017_05_29_22_45_39_611.jpg,0,1,0,1.714626,96.40223,84.61258,1.267634,274.829,0.0006803439
/Users/andrei/robotics/RoboND-Rover-Project/train_dataset/IMG/robocam_2017_05_29_22_45_39_661.jpg,0,1,0,1.775626,96.41164,84.50622,1.277306,274.8418,0.00105187
/Users/andrei/robotics/RoboND-Rover-Project/train_dataset/IMG/robocam_2017_05_29_22_45_39_713.jpg,0,0.951391,0,1.790723,96.41805,84.43398,1.277113,274.847,0.001076156
/Users/andrei/robotics/RoboND-Rover-Project/train_dataset/IMG/robocam_2017_05_29_22_45_39_762.jpg,0,0.755392,0,1.832303,96.42783,84.32381,1.273643,274.857,0.0006216841
/Users/andrei/robotics/RoboND-Rover-Project/train_dataset/IMG/robocam_2017_05_29_22_45_39_829.jpg,0,0.545215,0,1.864085,96.43782,84.21189,1.275068,274.8675,0.0005432946
/Users/andrei/robotics/RoboND-Rover-Project/train_dataset/IMG/robocam_2017_05_29_22_45_39_894.jpg,0,0.3480011,0,1.890279,96.44789,84.09907,1.265367,274.8792,0.0004995494
/Users/andrei/robotics/RoboND-Rover-Project/train_dataset/IMG/robocam_2017_05_29_22_45_39_962.jpg,0,0.149368,0,1.899459,96.46137,83.94859,1.210896,274.8948,0.0003970868
/Users/andrei/robotics/RoboND-Rover-Project/train_dataset/IMG/robocam_2017_05_29_22_45_40_029.jpg,0,0,0,1.9002,96.47144,83.83652,1.127769,274.9062,0.0003242566
/Users/andrei/robotics/RoboND-Rover-Project/train_dataset/IMG/robocam_2017_05_29_22_45_40_093.jpg,0,0,0,1.892957,96.48141,83.72541,1.009937,274.9172,0.0001972824
/Users/andrei/robotics/RoboND-Rover-Project/train_dataset/IMG/robocam_2017_05_29_22_45_40_144.jpg,0,0,0,1.887095,96.49134,83.6151,0.8669299,274.9277,-2.816107E-05
/Users/andrei/robotics/RoboND-Rover-Project/train_dataset/IMG/robocam_2017_05_29_22_45_40_194.jpg,0,0,0,1.883157,96.49789,83.54192,0.7618353,274.9337,-0.002043558
/Users/andrei/robotics/RoboND-Rover-Project/train_dataset/IMG/robocam_2017_05_29_22_45_40_243.jpg,0,0,0,1.8772,96.50758,83.43262,0.5950682,274.9396,359.9893
/Users/andrei/robotics/RoboND-Rover-Project/train_dataset/IMG/robocam_2017_05_29_22_45_40_297.jpg,0,0,0,1.875201,96.51395,83.36,0.4808097,274.9414,359.9798
/Users/andrei/robotics/RoboND-Rover-Project/train_dataset/IMG/robocam_2017_05_29_22_45_40_362.jpg,0,0,0.03936607,1.869158,96.52648,83.21578,0.2388245,274.9416,359.956
/Users/andrei/robotics/RoboND-Rover-Project/train_dataset/IMG/robocam_2017_05_29_22_45_40_415.jpg,0,0,0.240207,1.855405,96.53258,83.14554,0.08164239,274.9413,359.9454
/Users/andrei/robotics/RoboND-Rover-Project/train_dataset/IMG/robocam_2017_05_29_22_45_40_482.jpg,0,0,0.446274,1.772791,96.5444,83.01382,359.6112,274.95,359.9496
/Users/andrei/robotics/RoboND-Rover-Project/train_dataset/IMG/robocam_2017_05_29_22_45_40_549.jpg,0,0,0.647904,1.672531,96.55276,82.92539,359.1063,274.9743,0.001796108
/Users/andrei/robotics/RoboND-Rover-Project/train_dataset/IMG/robocam_2017_05_29_22_45_40_596.jpg,0,0,0.7926841,1.525731,96.55703,82.87236,358.7013,274.9679,0.00423418
/Users/andrei/robotics/RoboND-Rover-Project/train_dataset/IMG/robocam_2017_05_29_22_45_40_662.jpg,0,0,0.9983191,1.405097,96.56492,82.7746,358.0148,274.9364,-0.0005324073
/Users/andrei/robotics/RoboND-Rover-Project/train_dataset/IMG/robocam_2017_05_29_22_45_40_729.jpg,0,0,1,1.269677,96.57047,82.705,357.7612,274.9101,359.9934
/Users/andrei/robotics/RoboND-Rover-Project/train_dataset/IMG/robocam_2017_05_29_22_45_40_780.jpg,0,0,1,1.171815,96.57593,82.63859,357.6967,274.8625,-0.003432569
/Users/andrei/robotics/RoboND-Rover-Project/train_dataset/IMG/robocam_2017_05_29_22_45_40_829.jpg,0,0,1,1.086792,96.57938,82.59626,357.7772,274.851,-0.002428719
/Users/andrei/robotics/RoboND-Rover-Project/train_dataset/IMG/robocam_2017_05_29_22_45_40_877.jpg,0,0,1,0.9343537,96.58264,82.55525,357.9539,274.8159,-0.003530497
/Users/andrei/robotics/RoboND-Rover-Project/train_dataset/IMG/robocam_2017_05_29_22_45_40_945.jpg,0,0,1,0.8538655,96.58871,82.47823,358.5695,274.8542,-0.0007901337
/Users/andrei/robotics/RoboND-Rover-Project/train_dataset/IMG/robocam_2017_05_29_22_45_41_016.jpg,0,0,1,0.6306738,96.59187,82.43655,358.8727,274.8234,-0.001751038
/Users/andrei/robotics/RoboND-Rover-Project/train_dataset/IMG/robocam_2017_05_29_22_45_41_078.jpg,0,0,1,0.2893347,96.59266,82.42481,358.5576,274.8172,0.001712532
/Users/andrei/robotics/RoboND-Rover-Project/train_dataset/IMG/robocam_2017_05_29_22_45_41_129.jpg,0,0,1,0.1290245,96.5927,82.42463,358.2325,274.823,0.01339646
/Users/andrei/robotics/RoboND-Rover-Project/train_dataset/IMG/robocam_2017_05_29_22_45_41_176.jpg,0,0,1,0.0231599,96.59269,82.42452,358.1586,274.8214,-0.003982596
/Users/andrei/robotics/RoboND-Rover-Project/train_dataset/IMG/robocam_2017_05_29_22_45_41_228.jpg,0,0,1,0.0231599,96.59271,82.42445,358.2631,274.8237,-0.005263198
/Users/andrei/robotics/RoboND-Rover-Project/train_dataset/IMG/robocam_2017_05_29_22_45_41_278.jpg,0,0,1,-0.04838672,96.5928,82.42439,358.5076,274.8377,0.008542563
/Users/andrei/robotics/RoboND-Rover-Project/train_dataset/IMG/robocam_2017_05_29_22_45_41_327.jpg,0,0,1,-0.1521694,96.59277,82.42448,359.0124,274.8349,-0.001930772
/Users/andrei/robotics/RoboND-Rover-Project/train_dataset/IMG/robocam_2017_05_29_22_45_41_379.jpg,0,0,1,-0.1499706,96.59279,82.42467,359.5089,274.8384,359.9822
/Users/andrei/robotics/RoboND-Rover-Project/train_dataset/IMG/robocam_2017_05_29_22_45_41_429.jpg,0,0,1,-0.1453366,96.59279,82.42479,359.8254,274.8397,359.9724
/Users/andrei/robotics/RoboND-Rover-Project/train_dataset/IMG/robocam_2017_05_29_22_45_41_497.jpg,0,0,1,-0.1331814,96.59279,82.42496,0.2729699,274.84,359.9593
/Users/andrei/robotics/RoboND-Rover-Project/train_dataset/IMG/robocam_2017_05_29_22_45_41_544.jpg,0,0,0,-0.1218758,96.59278,82.42511,0.6739525,274.8392,359.9569
/Users/andrei/robotics/RoboND-Rover-Project/train_dataset/IMG/robocam_2017_05_29_22_45_41_614.jpg,0,0,0,-0.09779673,96.59275,82.42524,1.001514,274.837,359.989
/Users/andrei/robotics/RoboND-Rover-Project/train_dataset/IMG/robocam_2017_05_29_22_45_41_664.jpg,0,0,0,-0.08622445,96.59254,82.42532,1.252017,274.8335,0.01166617
/Users/andrei/robotics/RoboND-Rover-Project/train_dataset/IMG/robocam_2017_05_29_22_45_41_731.jpg,0,0,0,-0.04592179,96.59239,82.42538,1.331786,274.8326,0.002060172
/Users/andrei/robotics/RoboND-Rover-Project/train_dataset/IMG/robocam_2017_05_29_22_45_41_796.jpg,0,0,0,0.02116278,96.59274,82.4254,1.227482,274.8329,0.003470336
/Users/andrei/robotics/RoboND-Rover-Project/train_dataset/IMG/robocam_2017_05_29_22_45_41_862.jpg,0,0,0,0.03684134,96.59322,82.42537,1.033467,274.8351,359.9936
/Users/andrei/robotics/RoboND-Rover-Project/train_dataset/IMG/robocam_2017_05_29_22_45_41_914.jpg,0,0,0,0.04601815,96.59322,82.42534,0.9275936,274.8361,359.9866
/Users/andrei/robotics/RoboND-Rover-Project/train_dataset/IMG/robocam_2017_05_29_22_45_41_980.jpg,0,0,0,0.04880556,96.59325,82.42526,0.7082147,274.8378,359.9743
/Users/andrei/robotics/RoboND-Rover-Project/train_dataset/IMG/robocam_2017_05_29_22_45_42_028.jpg,0,0,0,0.0496249,96.59325,82.42522,0.5969167,274.8385,359.9691
/Users/andrei/robotics/RoboND-Rover-Project/train_dataset/IMG/robocam_2017_05_29_22_45_42_096.jpg,0,0,0,0.04942464,96.59326,82.42516,0.4308095,274.8392,359.9624
